icon_entry_a_arrow_down	a-arrow-down	IconAArrowDown
icon_entry_a_arrow_up	a-arrow-up	IconAArrowUp
icon_entry_a_large_small	a-large-small	IconALargeSmall
icon_entry_accessibility	accessibility	IconAccessibility
icon_entry_activity	activity	IconActivity
icon_entry_air_vent	air-vent	IconAirVent
icon_entry_airplay	airplay	IconAirplay
icon_entry_alarm_clock_check	alarm-clock-check	IconAlarmClockCheck
icon_entry_alarm_clock_minus	alarm-clock-minus	IconAlarmClockMinus
icon_entry_alarm_clock_off	alarm-clock-off	IconAlarmClockOff
icon_entry_alarm_clock_plus	alarm-clock-plus	IconAlarmClockPlus
icon_entry_alarm_clock	alarm-clock	IconAlarmClock
icon_entry_alarm_smoke	alarm-smoke	IconAlarmSmoke
icon_entry_album	album	IconAlbum
icon_entry_align_center_horizontal	align-center-horizontal	IconAlignCenterHorizontal
icon_entry_align_center_vertical	align-center-vertical	IconAlignCenterVertical
icon_entry_align_end_horizontal	align-end-horizontal	IconAlignEndHorizontal
icon_entry_align_end_vertical	align-end-vertical	IconAlignEndVertical
icon_entry_align_horizontal_distribute_center	align-horizontal-distribute-center	IconAlignHorizontalDistributeCenter
icon_entry_align_horizontal_distribute_end	align-horizontal-distribute-end	IconAlignHorizontalDistributeEnd
icon_entry_align_horizontal_distribute_start	align-horizontal-distribute-start	IconAlignHorizontalDistributeStart
icon_entry_align_horizontal_justify_center	align-horizontal-justify-center	IconAlignHorizontalJustifyCenter
icon_entry_align_horizontal_justify_end	align-horizontal-justify-end	IconAlignHorizontalJustifyEnd
icon_entry_align_horizontal_justify_start	align-horizontal-justify-start	IconAlignHorizontalJustifyStart
icon_entry_align_horizontal_space_around	align-horizontal-space-around	IconAlignHorizontalSpaceAround
icon_entry_align_horizontal_space_between	align-horizontal-space-between	IconAlignHorizontalSpaceBetween
icon_entry_align_start_horizontal	align-start-horizontal	IconAlignStartHorizontal
icon_entry_align_start_vertical	align-start-vertical	IconAlignStartVertical
icon_entry_align_vertical_distribute_center	align-vertical-distribute-center	IconAlignVerticalDistributeCenter
icon_entry_align_vertical_distribute_end	align-vertical-distribute-end	IconAlignVerticalDistributeEnd
icon_entry_align_vertical_distribute_start	align-vertical-distribute-start	IconAlignVerticalDistributeStart
icon_entry_align_vertical_justify_center	align-vertical-justify-center	IconAlignVerticalJustifyCenter
icon_entry_align_vertical_justify_end	align-vertical-justify-end	IconAlignVerticalJustifyEnd
icon_entry_align_vertical_justify_start	align-vertical-justify-start	IconAlignVerticalJustifyStart
icon_entry_align_vertical_space_around	align-vertical-space-around	IconAlignVerticalSpaceAround
icon_entry_align_vertical_space_between	align-vertical-space-between	IconAlignVerticalSpaceBetween
icon_entry_ambulance	ambulance	IconAmbulance
icon_entry_ampersand	ampersand	IconAmpersand
icon_entry_ampersands	ampersands	IconAmpersands
icon_entry_amphora	amphora	IconAmphora
icon_entry_anchor	anchor	IconAnchor
icon_entry_angry	angry	IconAngry
icon_entry_annoyed	annoyed	IconAnnoyed
icon_entry_antenna	antenna	IconAntenna
icon_entry_anvil	anvil	IconAnvil
icon_entry_aperture	aperture	IconAperture
icon_entry_app_window_mac	app-window-mac	IconAppWindowMac
icon_entry_app_window	app-window	IconAppWindow
icon_entry_apple	apple	IconApple
icon_entry_archive_restore	archive-restore	IconArchiveRestore
icon_entry_archive_x	archive-x	IconArchiveX
icon_entry_archive	archive	IconArchive
icon_entry_armchair	armchair	IconArmchair
icon_entry_arrow_big_down_dash	arrow-big-down-dash	IconArrowBigDownDash
icon_entry_arrow_big_down	arrow-big-down	IconArrowBigDown
icon_entry_arrow_big_left_dash	arrow-big-left-dash	IconArrowBigLeftDash
icon_entry_arrow_big_left	arrow-big-left	IconArrowBigLeft
icon_entry_arrow_big_right_dash	arrow-big-right-dash	IconArrowBigRightDash
icon_entry_arrow_big_right	arrow-big-right	IconArrowBigRight
icon_entry_arrow_big_up_dash	arrow-big-up-dash	IconArrowBigUpDash
icon_entry_arrow_big_up	arrow-big-up	IconArrowBigUp
icon_entry_arrow_down_0_1	arrow-down-0-1	IconArrowDown01
icon_entry_arrow_down_1_0	arrow-down-1-0	IconArrowDown10
icon_entry_arrow_down_a_z	arrow-down-a-z	IconArrowDownAZ
icon_entry_arrow_down_from_line	arrow-down-from-line	IconArrowDownFromLine
icon_entry_arrow_down_left	arrow-down-left	IconArrowDownLeft
icon_entry_arrow_down_narrow_wide	arrow-down-narrow-wide	IconArrowDownNarrowWide
icon_entry_arrow_down_right	arrow-down-right	IconArrowDownRight
icon_entry_arrow_down_to_dot	arrow-down-to-dot	IconArrowDownToDot
icon_entry_arrow_down_to_line	arrow-down-to-line	IconArrowDownToLine
icon_entry_arrow_down_up	arrow-down-up	IconArrowDownUp
icon_entry_arrow_down_wide_narrow	arrow-down-wide-narrow	IconArrowDownWideNarrow
icon_entry_arrow_down_z_a	arrow-down-z-a	IconArrowDownZA
icon_entry_arrow_down	arrow-down	IconArrowDown
icon_entry_arrow_left_from_line	arrow-left-from-line	IconArrowLeftFromLine
icon_entry_arrow_left_right	arrow-left-right	IconArrowLeftRight
icon_entry_arrow_left_to_line	arrow-left-to-line	IconArrowLeftToLine
icon_entry_arrow_left	arrow-left	IconArrowLeft
icon_entry_arrow_right_from_line	arrow-right-from-line	IconArrowRightFromLine
icon_entry_arrow_right_left	arrow-right-left	IconArrowRightLeft
icon_entry_arrow_right_to_line	arrow-right-to-line	IconArrowRightToLine
icon_entry_arrow_right	arrow-right	IconArrowRight
icon_entry_arrow_up_0_1	arrow-up-0-1	IconArrowUp01
icon_entry_arrow_up_1_0	arrow-up-1-0	IconArrowUp10
icon_entry_arrow_up_a_z	arrow-up-a-z	IconArrowUpAZ
icon_entry_arrow_up_down	arrow-up-down	IconArrowUpDown
icon_entry_arrow_up_from_dot	arrow-up-from-dot	IconArrowUpFromDot
icon_entry_arrow_up_from_line	arrow-up-from-line	IconArrowUpFromLine
icon_entry_arrow_up_left	arrow-up-left	IconArrowUpLeft
icon_entry_arrow_up_narrow_wide	arrow-up-narrow-wide	IconArrowUpNarrowWide
icon_entry_arrow_up_right	arrow-up-right	IconArrowUpRight
icon_entry_arrow_up_to_line	arrow-up-to-line	IconArrowUpToLine
icon_entry_arrow_up_wide_narrow	arrow-up-wide-narrow	IconArrowUpWideNarrow
icon_entry_arrow_up_z_a	arrow-up-z-a	IconArrowUpZA
icon_entry_arrow_up	arrow-up	IconArrowUp
icon_entry_arrows_up_from_line	arrows-up-from-line	IconArrowsUpFromLine
icon_entry_asterisk	asterisk	IconAsterisk
icon_entry_at_sign	at-sign	IconAtSign
icon_entry_atom	atom	IconAtom
icon_entry_audio_lines	audio-lines	IconAudioLines
icon_entry_audio_waveform	audio-waveform	IconAudioWaveform
icon_entry_award	award	IconAward
icon_entry_axe	axe	IconAxe
icon_entry_axis_3d	axis-3d	IconAxis3d
icon_entry_baby	baby	IconBaby
icon_entry_backpack	backpack	IconBackpack
icon_entry_badge_alert	badge-alert	IconBadgeAlert
icon_entry_badge_cent	badge-cent	IconBadgeCent
icon_entry_badge_check	badge-check	IconBadgeCheck
icon_entry_badge_dollar_sign	badge-dollar-sign	IconBadgeDollarSign
icon_entry_badge_euro	badge-euro	IconBadgeEuro
icon_entry_badge_indian_rupee	badge-indian-rupee	IconBadgeIndianRupee
icon_entry_badge_info	badge-info	IconBadgeInfo
icon_entry_badge_japanese_yen	badge-japanese-yen	IconBadgeJapaneseYen
icon_entry_badge_minus	badge-minus	IconBadgeMinus
icon_entry_badge_percent	badge-percent	IconBadgePercent
icon_entry_badge_plus	badge-plus	IconBadgePlus
icon_entry_badge_pound_sterling	badge-pound-sterling	IconBadgePoundSterling
icon_entry_badge_question_mark	badge-question-mark	IconBadgeQuestionMark
icon_entry_badge_russian_ruble	badge-russian-ruble	IconBadgeRussianRuble
icon_entry_badge_swiss_franc	badge-swiss-franc	IconBadgeSwissFranc
icon_entry_badge_turkish_lira	badge-turkish-lira	IconBadgeTurkishLira
icon_entry_badge_x	badge-x	IconBadgeX
icon_entry_badge	badge	IconBadge
icon_entry_baggage_claim	baggage-claim	IconBaggageClaim
icon_entry_balloon	balloon	IconBalloon
icon_entry_ban	ban	IconBan
icon_entry_banana	banana	IconBanana
icon_entry_bandage	bandage	IconBandage
icon_entry_banknote_arrow_down	banknote-arrow-down	IconBanknoteArrowDown
icon_entry_banknote_arrow_up	banknote-arrow-up	IconBanknoteArrowUp
icon_entry_banknote_x	banknote-x	IconBanknoteX
icon_entry_banknote	banknote	IconBanknote
icon_entry_barcode	barcode	IconBarcode
icon_entry_barrel	barrel	IconBarrel
icon_entry_baseline	baseline	IconBaseline
icon_entry_bath	bath	IconBath
icon_entry_battery_charging	battery-charging	IconBatteryCharging
icon_entry_battery_full	battery-full	IconBatteryFull
icon_entry_battery_low	battery-low	IconBatteryLow
icon_entry_battery_medium	battery-medium	IconBatteryMedium
icon_entry_battery_plus	battery-plus	IconBatteryPlus
icon_entry_battery_warning	battery-warning	IconBatteryWarning
icon_entry_battery	battery	IconBattery
icon_entry_beaker	beaker	IconBeaker
icon_entry_bean_off	bean-off	IconBeanOff
icon_entry_bean	bean	IconBean
icon_entry_bed_double	bed-double	IconBedDouble
icon_entry_bed_single	bed-single	IconBedSingle
icon_entry_bed	bed	IconBed
icon_entry_beef	beef	IconBeef
icon_entry_beer_off	beer-off	IconBeerOff
icon_entry_beer	beer	IconBeer
icon_entry_bell_dot	bell-dot	IconBellDot
icon_entry_bell_electric	bell-electric	IconBellElectric
icon_entry_bell_minus	bell-minus	IconBellMinus
icon_entry_bell_off	bell-off	IconBellOff
icon_entry_bell_plus	bell-plus	IconBellPlus
icon_entry_bell_ring	bell-ring	IconBellRing
icon_entry_bell	bell	IconBell
icon_entry_between_horizontal_end	between-horizontal-end	IconBetweenHorizontalEnd
icon_entry_between_horizontal_start	between-horizontal-start	IconBetweenHorizontalStart
icon_entry_between_vertical_end	between-vertical-end	IconBetweenVerticalEnd
icon_entry_between_vertical_start	between-vertical-start	IconBetweenVerticalStart
icon_entry_biceps_flexed	biceps-flexed	IconBicepsFlexed
icon_entry_bike	bike	IconBike
icon_entry_binary	binary	IconBinary
icon_entry_binoculars	binoculars	IconBinoculars
icon_entry_biohazard	biohazard	IconBiohazard
icon_entry_bird	bird	IconBird
icon_entry_birdhouse	birdhouse	IconBirdhouse
icon_entry_bitcoin	bitcoin	IconBitcoin
icon_entry_blend	blend	IconBlend
icon_entry_blinds	blinds	IconBlinds
icon_entry_blocks	blocks	IconBlocks
icon_entry_bluetooth_connected	bluetooth-connected	IconBluetoothConnected
icon_entry_bluetooth_off	bluetooth-off	IconBluetoothOff
icon_entry_bluetooth_searching	bluetooth-searching	IconBluetoothSearching
icon_entry_bluetooth	bluetooth	IconBluetooth
icon_entry_bold	bold	IconBold
icon_entry_bolt	bolt	IconBolt
icon_entry_bomb	bomb	IconBomb
icon_entry_bone	bone	IconBone
icon_entry_book_a	book-a	IconBookA
icon_entry_book_alert	book-alert	IconBookAlert
icon_entry_book_audio	book-audio	IconBookAudio
icon_entry_book_check	book-check	IconBookCheck
icon_entry_book_copy	book-copy	IconBookCopy
icon_entry_book_dashed	book-dashed	IconBookDashed
icon_entry_book_down	book-down	IconBookDown
icon_entry_book_headphones	book-headphones	IconBookHeadphones
icon_entry_book_heart	book-heart	IconBookHeart
icon_entry_book_image	book-image	IconBookImage
icon_entry_book_key	book-key	IconBookKey
icon_entry_book_lock	book-lock	IconBookLock
icon_entry_book_marked	book-marked	IconBookMarked
icon_entry_book_minus	book-minus	IconBookMinus
icon_entry_book_open_check	book-open-check	IconBookOpenCheck
icon_entry_book_open_text	book-open-text	IconBookOpenText
icon_entry_book_open	book-open	IconBookOpen
icon_entry_book_plus	book-plus	IconBookPlus
icon_entry_book_search	book-search	IconBookSearch
icon_entry_book_text	book-text	IconBookText
icon_entry_book_type	book-type	IconBookType
icon_entry_book_up_2	book-up-2	IconBookUp2
icon_entry_book_up	book-up	IconBookUp
icon_entry_book_user	book-user	IconBookUser
icon_entry_book_x	book-x	IconBookX
icon_entry_book	book	IconBook
icon_entry_bookmark_check	bookmark-check	IconBookmarkCheck
icon_entry_bookmark_minus	bookmark-minus	IconBookmarkMinus
icon_entry_bookmark_plus	bookmark-plus	IconBookmarkPlus
icon_entry_bookmark_x	bookmark-x	IconBookmarkX
icon_entry_bookmark	bookmark	IconBookmark
icon_entry_boom_box	boom-box	IconBoomBox
icon_entry_bot_message_square	bot-message-square	IconBotMessageSquare
icon_entry_bot_off	bot-off	IconBotOff
icon_entry_bot	bot	IconBot
icon_entry_bottle_wine	bottle-wine	IconBottleWine
icon_entry_bow_arrow	bow-arrow	IconBowArrow
icon_entry_box	box	IconBox
icon_entry_boxes	boxes	IconBoxes
icon_entry_braces	braces	IconBraces
icon_entry_brackets	brackets	IconBrackets
icon_entry_brain_circuit	brain-circuit	IconBrainCircuit
icon_entry_brain_cog	brain-cog	IconBrainCog
icon_entry_brain	brain	IconBrain
icon_entry_brick_wall_fire	brick-wall-fire	IconBrickWallFire
icon_entry_brick_wall_shield	brick-wall-shield	IconBrickWallShield
icon_entry_brick_wall	brick-wall	IconBrickWall
icon_entry_briefcase_business	briefcase-business	IconBriefcaseBusiness
icon_entry_briefcase_conveyor_belt	briefcase-conveyor-belt	IconBriefcaseConveyorBelt
icon_entry_briefcase_medical	briefcase-medical	IconBriefcaseMedical
icon_entry_briefcase	briefcase	IconBriefcase
icon_entry_bring_to_front	bring-to-front	IconBringToFront
icon_entry_brush_cleaning	brush-cleaning	IconBrushCleaning
icon_entry_brush	brush	IconBrush
icon_entry_bubbles	bubbles	IconBubbles
icon_entry_bug_off	bug-off	IconBugOff
icon_entry_bug_play	bug-play	IconBugPlay
icon_entry_bug	bug	IconBug
icon_entry_building_2	building-2	IconBuilding2
icon_entry_building	building	IconBuilding
icon_entry_bus_front	bus-front	IconBusFront
icon_entry_bus	bus	IconBus
icon_entry_cable_car	cable-car	IconCableCar
icon_entry_cable	cable	IconCable
icon_entry_cake_slice	cake-slice	IconCakeSlice
icon_entry_cake	cake	IconCake
icon_entry_calculator	calculator	IconCalculator
icon_entry_calendar_1	calendar-1	IconCalendar1
icon_entry_calendar_arrow_down	calendar-arrow-down	IconCalendarArrowDown
icon_entry_calendar_arrow_up	calendar-arrow-up	IconCalendarArrowUp
icon_entry_calendar_check_2	calendar-check-2	IconCalendarCheck2
icon_entry_calendar_check	calendar-check	IconCalendarCheck
icon_entry_calendar_clock	calendar-clock	IconCalendarClock
icon_entry_calendar_cog	calendar-cog	IconCalendarCog
icon_entry_calendar_days	calendar-days	IconCalendarDays
icon_entry_calendar_fold	calendar-fold	IconCalendarFold
icon_entry_calendar_heart	calendar-heart	IconCalendarHeart
icon_entry_calendar_minus_2	calendar-minus-2	IconCalendarMinus2
icon_entry_calendar_minus	calendar-minus	IconCalendarMinus
icon_entry_calendar_off	calendar-off	IconCalendarOff
icon_entry_calendar_plus_2	calendar-plus-2	IconCalendarPlus2
icon_entry_calendar_plus	calendar-plus	IconCalendarPlus
icon_entry_calendar_range	calendar-range	IconCalendarRange
icon_entry_calendar_search	calendar-search	IconCalendarSearch
icon_entry_calendar_sync	calendar-sync	IconCalendarSync
icon_entry_calendar_x_2	calendar-x-2	IconCalendarX2
icon_entry_calendar_x	calendar-x	IconCalendarX
icon_entry_calendar	calendar	IconCalendar
icon_entry_calendars	calendars	IconCalendars
icon_entry_camera_off	camera-off	IconCameraOff
icon_entry_camera	camera	IconCamera
icon_entry_candy_cane	candy-cane	IconCandyCane
icon_entry_candy_off	candy-off	IconCandyOff
icon_entry_candy	candy	IconCandy
icon_entry_cannabis_off	cannabis-off	IconCannabisOff
icon_entry_cannabis	cannabis	IconCannabis
icon_entry_captions_off	captions-off	IconCaptionsOff
icon_entry_captions	captions	IconCaptions
icon_entry_car_front	car-front	IconCarFront
icon_entry_car_taxi_front	car-taxi-front	IconCarTaxiFront
icon_entry_car	car	IconCar
icon_entry_caravan	caravan	IconCaravan
icon_entry_card_sim	card-sim	IconCardSim
icon_entry_carrot	carrot	IconCarrot
icon_entry_case_lower	case-lower	IconCaseLower
icon_entry_case_sensitive	case-sensitive	IconCaseSensitive
icon_entry_case_upper	case-upper	IconCaseUpper
icon_entry_cassette_tape	cassette-tape	IconCassetteTape
icon_entry_cast	cast	IconCast
icon_entry_castle	castle	IconCastle
icon_entry_cat	cat	IconCat
icon_entry_cctv	cctv	IconCctv
icon_entry_chart_area	chart-area	IconChartArea
icon_entry_chart_bar_big	chart-bar-big	IconChartBarBig
icon_entry_chart_bar_decreasing	chart-bar-decreasing	IconChartBarDecreasing
icon_entry_chart_bar_increasing	chart-bar-increasing	IconChartBarIncreasing
icon_entry_chart_bar_stacked	chart-bar-stacked	IconChartBarStacked
icon_entry_chart_bar	chart-bar	IconChartBar
icon_entry_chart_candlestick	chart-candlestick	IconChartCandlestick
icon_entry_chart_column_big	chart-column-big	IconChartColumnBig
icon_entry_chart_column_decreasing	chart-column-decreasing	IconChartColumnDecreasing
icon_entry_chart_column_increasing	chart-column-increasing	IconChartColumnIncreasing
icon_entry_chart_column_stacked	chart-column-stacked	IconChartColumnStacked
icon_entry_chart_column	chart-column	IconChartColumn
icon_entry_chart_gantt	chart-gantt	IconChartGantt
icon_entry_chart_line	chart-line	IconChartLine
icon_entry_chart_network	chart-network	IconChartNetwork
icon_entry_chart_no_axes_column_decreasing	chart-no-axes-column-decreasing	IconChartNoAxesColumnDecreasing
icon_entry_chart_no_axes_column_increasing	chart-no-axes-column-increasing	IconChartNoAxesColumnIncreasing
icon_entry_chart_no_axes_column	chart-no-axes-column	IconChartNoAxesColumn
icon_entry_chart_no_axes_combined	chart-no-axes-combined	IconChartNoAxesCombined
icon_entry_chart_no_axes_gantt	chart-no-axes-gantt	IconChartNoAxesGantt
icon_entry_chart_pie	chart-pie	IconChartPie
icon_entry_chart_scatter	chart-scatter	IconChartScatter
icon_entry_chart_spline	chart-spline	IconChartSpline
icon_entry_check_check	check-check	IconCheckCheck
icon_entry_check_line	check-line	IconCheckLine
icon_entry_check	check	IconCheck
icon_entry_chef_hat	chef-hat	IconChefHat
icon_entry_cherry	cherry	IconCherry
icon_entry_chess_bishop	chess-bishop	IconChessBishop
icon_entry_chess_king	chess-king	IconChessKing
icon_entry_chess_knight	chess-knight	IconChessKnight
icon_entry_chess_pawn	chess-pawn	IconChessPawn
icon_entry_chess_queen	chess-queen	IconChessQueen
icon_entry_chess_rook	chess-rook	IconChessRook
icon_entry_chevron_down	chevron-down	IconChevronDown
icon_entry_chevron_first	chevron-first	IconChevronFirst
icon_entry_chevron_last	chevron-last	IconChevronLast
icon_entry_chevron_left	chevron-left	IconChevronLeft
icon_entry_chevron_right	chevron-right	IconChevronRight
icon_entry_chevron_up	chevron-up	IconChevronUp
icon_entry_chevrons_down_up	chevrons-down-up	IconChevronsDownUp
icon_entry_chevrons_down	chevrons-down	IconChevronsDown
icon_entry_chevrons_left_right_ellipsis	chevrons-left-right-ellipsis	IconChevronsLeftRightEllipsis
icon_entry_chevrons_left_right	chevrons-left-right	IconChevronsLeftRight
icon_entry_chevrons_left	chevrons-left	IconChevronsLeft
icon_entry_chevrons_right_left	chevrons-right-left	IconChevronsRightLeft
icon_entry_chevrons_right	chevrons-right	IconChevronsRight
icon_entry_chevrons_up_down	chevrons-up-down	IconChevronsUpDown
icon_entry_chevrons_up	chevrons-up	IconChevronsUp
icon_entry_chromium	chromium	IconChromium
icon_entry_church	church	IconChurch
icon_entry_cigarette_off	cigarette-off	IconCigaretteOff
icon_entry_cigarette	cigarette	IconCigarette
icon_entry_circle_alert	circle-alert	IconCircleAlert
icon_entry_circle_arrow_down	circle-arrow-down	IconCircleArrowDown
icon_entry_circle_arrow_left	circle-arrow-left	IconCircleArrowLeft
icon_entry_circle_arrow_out_down_left	circle-arrow-out-down-left	IconCircleArrowOutDownLeft
icon_entry_circle_arrow_out_down_right	circle-arrow-out-down-right	IconCircleArrowOutDownRight
icon_entry_circle_arrow_out_up_left	circle-arrow-out-up-left	IconCircleArrowOutUpLeft
icon_entry_circle_arrow_out_up_right	circle-arrow-out-up-right	IconCircleArrowOutUpRight
icon_entry_circle_arrow_right	circle-arrow-right	IconCircleArrowRight
icon_entry_circle_arrow_up	circle-arrow-up	IconCircleArrowUp
icon_entry_circle_check_big	circle-check-big	IconCircleCheckBig
icon_entry_circle_check	circle-check	IconCircleCheck
icon_entry_circle_chevron_down	circle-chevron-down	IconCircleChevronDown
icon_entry_circle_chevron_left	circle-chevron-left	IconCircleChevronLeft
icon_entry_circle_chevron_right	circle-chevron-right	IconCircleChevronRight
icon_entry_circle_chevron_up	circle-chevron-up	IconCircleChevronUp
icon_entry_circle_dashed	circle-dashed	IconCircleDashed
icon_entry_circle_divide	circle-divide	IconCircleDivide
icon_entry_circle_dollar_sign	circle-dollar-sign	IconCircleDollarSign
icon_entry_circle_dot_dashed	circle-dot-dashed	IconCircleDotDashed
icon_entry_circle_dot	circle-dot	IconCircleDot
icon_entry_circle_ellipsis	circle-ellipsis	IconCircleEllipsis
icon_entry_circle_equal	circle-equal	IconCircleEqual
icon_entry_circle_fading_arrow_up	circle-fading-arrow-up	IconCircleFadingArrowUp
icon_entry_circle_fading_plus	circle-fading-plus	IconCircleFadingPlus
icon_entry_circle_gauge	circle-gauge	IconCircleGauge
icon_entry_circle_minus	circle-minus	IconCircleMinus
icon_entry_circle_off	circle-off	IconCircleOff
icon_entry_circle_parking_off	circle-parking-off	IconCircleParkingOff
icon_entry_circle_parking	circle-parking	IconCircleParking
icon_entry_circle_pause	circle-pause	IconCirclePause
icon_entry_circle_percent	circle-percent	IconCirclePercent
icon_entry_circle_pile	circle-pile	IconCirclePile
icon_entry_circle_play	circle-play	IconCirclePlay
icon_entry_circle_plus	circle-plus	IconCirclePlus
icon_entry_circle_pound_sterling	circle-pound-sterling	IconCirclePoundSterling
icon_entry_circle_power	circle-power	IconCirclePower
icon_entry_circle_question_mark	circle-question-mark	IconCircleQuestionMark
icon_entry_circle_slash_2	circle-slash-2	IconCircleSlash2
icon_entry_circle_slash	circle-slash	IconCircleSlash
icon_entry_circle_small	circle-small	IconCircleSmall
icon_entry_circle_star	circle-star	IconCircleStar
icon_entry_circle_stop	circle-stop	IconCircleStop
icon_entry_circle_user_round	circle-user-round	IconCircleUserRound
icon_entry_circle_user	circle-user	IconCircleUser
icon_entry_circle_x	circle-x	IconCircleX
icon_entry_circle	circle	IconCircle
icon_entry_circuit_board	circuit-board	IconCircuitBoard
icon_entry_citrus	citrus	IconCitrus
icon_entry_clapperboard	clapperboard	IconClapperboard
icon_entry_clipboard_check	clipboard-check	IconClipboardCheck
icon_entry_clipboard_clock	clipboard-clock	IconClipboardClock
icon_entry_clipboard_copy	clipboard-copy	IconClipboardCopy
icon_entry_clipboard_list	clipboard-list	IconClipboardList
icon_entry_clipboard_minus	clipboard-minus	IconClipboardMinus
icon_entry_clipboard_paste	clipboard-paste	IconClipboardPaste
icon_entry_clipboard_pen_line	clipboard-pen-line	IconClipboardPenLine
icon_entry_clipboard_pen	clipboard-pen	IconClipboardPen
icon_entry_clipboard_plus	clipboard-plus	IconClipboardPlus
icon_entry_clipboard_type	clipboard-type	IconClipboardType
icon_entry_clipboard_x	clipboard-x	IconClipboardX
icon_entry_clipboard	clipboard	IconClipboard
icon_entry_clock_1	clock-1	IconClock1
icon_entry_clock_10	clock-10	IconClock10
icon_entry_clock_11	clock-11	IconClock11
icon_entry_clock_12	clock-12	IconClock12
icon_entry_clock_2	clock-2	IconClock2
icon_entry_clock_3	clock-3	IconClock3
icon_entry_clock_4	clock-4	IconClock4
icon_entry_clock_5	clock-5	IconClock5
icon_entry_clock_6	clock-6	IconClock6
icon_entry_clock_7	clock-7	IconClock7
icon_entry_clock_8	clock-8	IconClock8
icon_entry_clock_9	clock-9	IconClock9
icon_entry_clock_alert	clock-alert	IconClockAlert
icon_entry_clock_arrow_down	clock-arrow-down	IconClockArrowDown
icon_entry_clock_arrow_up	clock-arrow-up	IconClockArrowUp
icon_entry_clock_check	clock-check	IconClockCheck
icon_entry_clock_fading	clock-fading	IconClockFading
icon_entry_clock_plus	clock-plus	IconClockPlus
icon_entry_clock	clock	IconClock
icon_entry_closed_caption	closed-caption	IconClosedCaption
icon_entry_cloud_alert	cloud-alert	IconCloudAlert
icon_entry_cloud_backup	cloud-backup	IconCloudBackup
icon_entry_cloud_check	cloud-check	IconCloudCheck
icon_entry_cloud_cog	cloud-cog	IconCloudCog
icon_entry_cloud_download	cloud-download	IconCloudDownload
icon_entry_cloud_drizzle	cloud-drizzle	IconCloudDrizzle
icon_entry_cloud_fog	cloud-fog	IconCloudFog
icon_entry_cloud_hail	cloud-hail	IconCloudHail
icon_entry_cloud_lightning	cloud-lightning	IconCloudLightning
icon_entry_cloud_moon_rain	cloud-moon-rain	IconCloudMoonRain
icon_entry_cloud_moon	cloud-moon	IconCloudMoon
icon_entry_cloud_off	cloud-off	IconCloudOff
icon_entry_cloud_rain_wind	cloud-rain-wind	IconCloudRainWind
icon_entry_cloud_rain	cloud-rain	IconCloudRain
icon_entry_cloud_snow	cloud-snow	IconCloudSnow
icon_entry_cloud_sun_rain	cloud-sun-rain	IconCloudSunRain
icon_entry_cloud_sun	cloud-sun	IconCloudSun
icon_entry_cloud_sync	cloud-sync	IconCloudSync
icon_entry_cloud_upload	cloud-upload	IconCloudUpload
icon_entry_cloud	cloud	IconCloud
icon_entry_cloudy	cloudy	IconCloudy
icon_entry_clover	clover	IconClover
icon_entry_club	club	IconClub
icon_entry_code_xml	code-xml	IconCodeXml
icon_entry_code	code	IconCode
icon_entry_codepen	codepen	IconCodepen
icon_entry_codesandbox	codesandbox	IconCodesandbox
icon_entry_coffee	coffee	IconCoffee
icon_entry_cog	cog	IconCog
icon_entry_coins	coins	IconCoins
icon_entry_columns_2	columns-2	IconColumns2
icon_entry_columns_3_cog	columns-3-cog	IconColumns3Cog
icon_entry_columns_3	columns-3	IconColumns3
icon_entry_columns_4	columns-4	IconColumns4
icon_entry_combine	combine	IconCombine
icon_entry_command	command	IconCommand
icon_entry_compass	compass	IconCompass
icon_entry_component	component	IconComponent
icon_entry_computer	computer	IconComputer
icon_entry_concierge_bell	concierge-bell	IconConciergeBell
icon_entry_cone	cone	IconCone
icon_entry_construction	construction	IconConstruction
icon_entry_contact_round	contact-round	IconContactRound
icon_entry_contact	contact	IconContact
icon_entry_container	container	IconContainer
icon_entry_contrast	contrast	IconContrast
icon_entry_cookie	cookie	IconCookie
icon_entry_cooking_pot	cooking-pot	IconCookingPot
icon_entry_copy_check	copy-check	IconCopyCheck
icon_entry_copy_minus	copy-minus	IconCopyMinus
icon_entry_copy_plus	copy-plus	IconCopyPlus
icon_entry_copy_slash	copy-slash	IconCopySlash
icon_entry_copy_x	copy-x	IconCopyX
icon_entry_copy	copy	IconCopy
icon_entry_copyleft	copyleft	IconCopyleft
icon_entry_copyright	copyright	IconCopyright
icon_entry_corner_down_left	corner-down-left	IconCornerDownLeft
icon_entry_corner_down_right	corner-down-right	IconCornerDownRight
icon_entry_corner_left_down	corner-left-down	IconCornerLeftDown
icon_entry_corner_left_up	corner-left-up	IconCornerLeftUp
icon_entry_corner_right_down	corner-right-down	IconCornerRightDown
icon_entry_corner_right_up	corner-right-up	IconCornerRightUp
icon_entry_corner_up_left	corner-up-left	IconCornerUpLeft
icon_entry_corner_up_right	corner-up-right	IconCornerUpRight
icon_entry_cpu	cpu	IconCpu
icon_entry_creative_commons	creative-commons	IconCreativeCommons
icon_entry_credit_card	credit-card	IconCreditCard
icon_entry_croissant	croissant	IconCroissant
icon_entry_crop	crop	IconCrop
icon_entry_cross	cross	IconCross
icon_entry_crosshair	crosshair	IconCrosshair
icon_entry_crown	crown	IconCrown
icon_entry_cuboid	cuboid	IconCuboid
icon_entry_cup_soda	cup-soda	IconCupSoda
icon_entry_currency	currency	IconCurrency
icon_entry_cylinder	cylinder	IconCylinder
icon_entry_dam	dam	IconDam
icon_entry_database_backup	database-backup	IconDatabaseBackup
icon_entry_database_search	database-search	IconDatabaseSearch
icon_entry_database_zap	database-zap	IconDatabaseZap
icon_entry_database	database	IconDatabase
icon_entry_decimals_arrow_left	decimals-arrow-left	IconDecimalsArrowLeft
icon_entry_decimals_arrow_right	decimals-arrow-right	IconDecimalsArrowRight
icon_entry_delete	delete	IconDelete
icon_entry_dessert	dessert	IconDessert
icon_entry_diameter	diameter	IconDiameter
icon_entry_diamond_minus	diamond-minus	IconDiamondMinus
icon_entry_diamond_percent	diamond-percent	IconDiamondPercent
icon_entry_diamond_plus	diamond-plus	IconDiamondPlus
icon_entry_diamond	diamond	IconDiamond
icon_entry_dice_1	dice-1	IconDice1
icon_entry_dice_2	dice-2	IconDice2
icon_entry_dice_3	dice-3	IconDice3
icon_entry_dice_4	dice-4	IconDice4
icon_entry_dice_5	dice-5	IconDice5
icon_entry_dice_6	dice-6	IconDice6
icon_entry_dices	dices	IconDices
icon_entry_diff	diff	IconDiff
icon_entry_disc_2	disc-2	IconDisc2
icon_entry_disc_3	disc-3	IconDisc3
icon_entry_disc_album	disc-album	IconDiscAlbum
icon_entry_disc	disc	IconDisc
icon_entry_divide	divide	IconDivide
icon_entry_dna_off	dna-off	IconDnaOff
icon_entry_dna	dna	IconDna
icon_entry_dock	dock	IconDock
icon_entry_dog	dog	IconDog
icon_entry_dollar_sign	dollar-sign	IconDollarSign
icon_entry_donut	donut	IconDonut
icon_entry_door_closed_locked	door-closed-locked	IconDoorClosedLocked
icon_entry_door_closed	door-closed	IconDoorClosed
icon_entry_door_open	door-open	IconDoorOpen
icon_entry_dot	dot	IconDot
icon_entry_download	download	IconDownload
icon_entry_drafting_compass	drafting-compass	IconDraftingCompass
icon_entry_drama	drama	IconDrama
icon_entry_dribbble	dribbble	IconDribbble
icon_entry_drill	drill	IconDrill
icon_entry_drone	drone	IconDrone
icon_entry_droplet_off	droplet-off	IconDropletOff
icon_entry_droplet	droplet	IconDroplet
icon_entry_droplets	droplets	IconDroplets
icon_entry_drum	drum	IconDrum
icon_entry_drumstick	drumstick	IconDrumstick
icon_entry_dumbbell	dumbbell	IconDumbbell
icon_entry_ear_off	ear-off	IconEarOff
icon_entry_ear	ear	IconEar
icon_entry_earth_lock	earth-lock	IconEarthLock
icon_entry_earth	earth	IconEarth
icon_entry_eclipse	eclipse	IconEclipse
icon_entry_egg_fried	egg-fried	IconEggFried
icon_entry_egg_off	egg-off	IconEggOff
icon_entry_egg	egg	IconEgg
icon_entry_ellipse	ellipse	IconEllipse
icon_entry_ellipsis_vertical	ellipsis-vertical	IconEllipsisVertical
icon_entry_ellipsis	ellipsis	IconEllipsis
icon_entry_equal_approximately	equal-approximately	IconEqualApproximately
icon_entry_equal_not	equal-not	IconEqualNot
icon_entry_equal	equal	IconEqual
icon_entry_eraser	eraser	IconEraser
icon_entry_ethernet_port	ethernet-port	IconEthernetPort
icon_entry_euro	euro	IconEuro
icon_entry_ev_charger	ev-charger	IconEvCharger
icon_entry_expand	expand	IconExpand
icon_entry_external_link	external-link	IconExternalLink
icon_entry_eye_closed	eye-closed	IconEyeClosed
icon_entry_eye_off	eye-off	IconEyeOff
icon_entry_eye	eye	IconEye
icon_entry_facebook	facebook	IconFacebook
icon_entry_factory	factory	IconFactory
icon_entry_fan	fan	IconFan
icon_entry_fast_forward	fast-forward	IconFastForward
icon_entry_feather	feather	IconFeather
icon_entry_fence	fence	IconFence
icon_entry_ferris_wheel	ferris-wheel	IconFerrisWheel
icon_entry_figma	figma	IconFigma
icon_entry_file_archive	file-archive	IconFileArchive
icon_entry_file_axis_3d	file-axis-3d	IconFileAxis3d
icon_entry_file_badge	file-badge	IconFileBadge
icon_entry_file_box	file-box	IconFileBox
icon_entry_file_braces_corner	file-braces-corner	IconFileBracesCorner
icon_entry_file_braces	file-braces	IconFileBraces
icon_entry_file_chart_column_increasing	file-chart-column-increasing	IconFileChartColumnIncreasing
icon_entry_file_chart_column	file-chart-column	IconFileChartColumn
icon_entry_file_chart_line	file-chart-line	IconFileChartLine
icon_entry_file_chart_pie	file-chart-pie	IconFileChartPie
icon_entry_file_check_corner	file-check-corner	IconFileCheckCorner
icon_entry_file_check	file-check	IconFileCheck
icon_entry_file_clock	file-clock	IconFileClock
icon_entry_file_code_corner	file-code-corner	IconFileCodeCorner
icon_entry_file_code	file-code	IconFileCode
icon_entry_file_cog	file-cog	IconFileCog
icon_entry_file_diff	file-diff	IconFileDiff
icon_entry_file_digit	file-digit	IconFileDigit
icon_entry_file_down	file-down	IconFileDown
icon_entry_file_exclamation_point	file-exclamation-point	IconFileExclamationPoint
icon_entry_file_headphone	file-headphone	IconFileHeadphone
icon_entry_file_heart	file-heart	IconFileHeart
icon_entry_file_image	file-image	IconFileImage
icon_entry_file_input	file-input	IconFileInput
icon_entry_file_key	file-key	IconFileKey
icon_entry_file_lock	file-lock	IconFileLock
icon_entry_file_minus_corner	file-minus-corner	IconFileMinusCorner
icon_entry_file_minus	file-minus	IconFileMinus
icon_entry_file_music	file-music	IconFileMusic
icon_entry_file_output	file-output	IconFileOutput
icon_entry_file_pen_line	file-pen-line	IconFilePenLine
icon_entry_file_pen	file-pen	IconFilePen
icon_entry_file_play	file-play	IconFilePlay
icon_entry_file_plus_corner	file-plus-corner	IconFilePlusCorner
icon_entry_file_plus	file-plus	IconFilePlus
icon_entry_file_question_mark	file-question-mark	IconFileQuestionMark
icon_entry_file_scan	file-scan	IconFileScan
icon_entry_file_search_corner	file-search-corner	IconFileSearchCorner
icon_entry_file_search	file-search	IconFileSearch
icon_entry_file_signal	file-signal	IconFileSignal
icon_entry_file_sliders	file-sliders	IconFileSliders
icon_entry_file_spreadsheet	file-spreadsheet	IconFileSpreadsheet
icon_entry_file_stack	file-stack	IconFileStack
icon_entry_file_symlink	file-symlink	IconFileSymlink
icon_entry_file_terminal	file-terminal	IconFileTerminal
icon_entry_file_text	file-text	IconFileText
icon_entry_file_type_corner	file-type-corner	IconFileTypeCorner
icon_entry_file_type	file-type	IconFileType
icon_entry_file_up	file-up	IconFileUp
icon_entry_file_user	file-user	IconFileUser
icon_entry_file_video_camera	file-video-camera	IconFileVideoCamera
icon_entry_file_volume	file-volume	IconFileVolume
icon_entry_file_x_corner	file-x-corner	IconFileXCorner
icon_entry_file_x	file-x	IconFileX
icon_entry_file	file	IconFile
icon_entry_files	files	IconFiles
icon_entry_film	film	IconFilm
icon_entry_fingerprint_pattern	fingerprint-pattern	IconFingerprintPattern
icon_entry_fire_extinguisher	fire-extinguisher	IconFireExtinguisher
icon_entry_fish_off	fish-off	IconFishOff
icon_entry_fish_symbol	fish-symbol	IconFishSymbol
icon_entry_fish	fish	IconFish
icon_entry_fishing_hook	fishing-hook	IconFishingHook
icon_entry_fishing_rod	fishing-rod	IconFishingRod
icon_entry_flag_off	flag-off	IconFlagOff
icon_entry_flag_triangle_left	flag-triangle-left	IconFlagTriangleLeft
icon_entry_flag_triangle_right	flag-triangle-right	IconFlagTriangleRight
icon_entry_flag	flag	IconFlag
icon_entry_flame_kindling	flame-kindling	IconFlameKindling
icon_entry_flame	flame	IconFlame
icon_entry_flashlight_off	flashlight-off	IconFlashlightOff
icon_entry_flashlight	flashlight	IconFlashlight
icon_entry_flask_conical_off	flask-conical-off	IconFlaskConicalOff
icon_entry_flask_conical	flask-conical	IconFlaskConical
icon_entry_flask_round	flask-round	IconFlaskRound
icon_entry_flip_horizontal_2	flip-horizontal-2	IconFlipHorizontal2
icon_entry_flip_vertical_2	flip-vertical-2	IconFlipVertical2
icon_entry_flower_2	flower-2	IconFlower2
icon_entry_flower	flower	IconFlower
icon_entry_focus	focus	IconFocus
icon_entry_fold_horizontal	fold-horizontal	IconFoldHorizontal
icon_entry_fold_vertical	fold-vertical	IconFoldVertical
icon_entry_folder_archive	folder-archive	IconFolderArchive
icon_entry_folder_check	folder-check	IconFolderCheck
icon_entry_folder_clock	folder-clock	IconFolderClock
icon_entry_folder_closed	folder-closed	IconFolderClosed
icon_entry_folder_code	folder-code	IconFolderCode
icon_entry_folder_cog	folder-cog	IconFolderCog
icon_entry_folder_dot	folder-dot	IconFolderDot
icon_entry_folder_down	folder-down	IconFolderDown
icon_entry_folder_git_2	folder-git-2	IconFolderGit2
icon_entry_folder_git	folder-git	IconFolderGit
icon_entry_folder_heart	folder-heart	IconFolderHeart
icon_entry_folder_input	folder-input	IconFolderInput
icon_entry_folder_kanban	folder-kanban	IconFolderKanban
icon_entry_folder_key	folder-key	IconFolderKey
icon_entry_folder_lock	folder-lock	IconFolderLock
icon_entry_folder_minus	folder-minus	IconFolderMinus
icon_entry_folder_open_dot	folder-open-dot	IconFolderOpenDot
icon_entry_folder_open	folder-open	IconFolderOpen
icon_entry_folder_output	folder-output	IconFolderOutput
icon_entry_folder_pen	folder-pen	IconFolderPen
icon_entry_folder_plus	folder-plus	IconFolderPlus
icon_entry_folder_root	folder-root	IconFolderRoot
icon_entry_folder_search_2	folder-search-2	IconFolderSearch2
icon_entry_folder_search	folder-search	IconFolderSearch
icon_entry_folder_symlink	folder-symlink	IconFolderSymlink
icon_entry_folder_sync	folder-sync	IconFolderSync
icon_entry_folder_tree	folder-tree	IconFolderTree
icon_entry_folder_up	folder-up	IconFolderUp
icon_entry_folder_x	folder-x	IconFolderX
icon_entry_folder	folder	IconFolder
icon_entry_folders	folders	IconFolders
icon_entry_footprints	footprints	IconFootprints
icon_entry_forklift	forklift	IconForklift
icon_entry_form	form	IconForm
icon_entry_forward	forward	IconForward
icon_entry_frame	frame	IconFrame
icon_entry_framer	framer	IconFramer
icon_entry_frown	frown	IconFrown
icon_entry_fuel	fuel	IconFuel
icon_entry_fullscreen	fullscreen	IconFullscreen
icon_entry_funnel_plus	funnel-plus	IconFunnelPlus
icon_entry_funnel_x	funnel-x	IconFunnelX
icon_entry_funnel	funnel	IconFunnel
icon_entry_gallery_horizontal_end	gallery-horizontal-end	IconGalleryHorizontalEnd
icon_entry_gallery_horizontal	gallery-horizontal	IconGalleryHorizontal
icon_entry_gallery_thumbnails	gallery-thumbnails	IconGalleryThumbnails
icon_entry_gallery_vertical_end	gallery-vertical-end	IconGalleryVerticalEnd
icon_entry_gallery_vertical	gallery-vertical	IconGalleryVertical
icon_entry_gamepad_2	gamepad-2	IconGamepad2
icon_entry_gamepad_directional	gamepad-directional	IconGamepadDirectional
icon_entry_gamepad	gamepad	IconGamepad
icon_entry_gauge	gauge	IconGauge
icon_entry_gavel	gavel	IconGavel
icon_entry_gem	gem	IconGem
icon_entry_georgian_lari	georgian-lari	IconGeorgianLari
icon_entry_ghost	ghost	IconGhost
icon_entry_gift	gift	IconGift
icon_entry_git_branch_minus	git-branch-minus	IconGitBranchMinus
icon_entry_git_branch_plus	git-branch-plus	IconGitBranchPlus
icon_entry_git_branch	git-branch	IconGitBranch
icon_entry_git_commit_horizontal	git-commit-horizontal	IconGitCommitHorizontal
icon_entry_git_commit_vertical	git-commit-vertical	IconGitCommitVertical
icon_entry_git_compare_arrows	git-compare-arrows	IconGitCompareArrows
icon_entry_git_compare	git-compare	IconGitCompare
icon_entry_git_fork	git-fork	IconGitFork
icon_entry_git_graph	git-graph	IconGitGraph
icon_entry_git_merge_conflict	git-merge-conflict	IconGitMergeConflict
icon_entry_git_merge	git-merge	IconGitMerge
icon_entry_git_pull_request_arrow	git-pull-request-arrow	IconGitPullRequestArrow
icon_entry_git_pull_request_closed	git-pull-request-closed	IconGitPullRequestClosed
icon_entry_git_pull_request_create_arrow	git-pull-request-create-arrow	IconGitPullRequestCreateArrow
icon_entry_git_pull_request_create	git-pull-request-create	IconGitPullRequestCreate
icon_entry_git_pull_request_draft	git-pull-request-draft	IconGitPullRequestDraft
icon_entry_git_pull_request	git-pull-request	IconGitPullRequest
icon_entry_github	github	IconGithub
icon_entry_gitlab	gitlab	IconGitlab
icon_entry_glass_water	glass-water	IconGlassWater
icon_entry_glasses	glasses	IconGlasses
icon_entry_globe_lock	globe-lock	IconGlobeLock
icon_entry_globe_off	globe-off	IconGlobeOff
icon_entry_globe_x	globe-x	IconGlobeX
icon_entry_globe	globe	IconGlobe
icon_entry_goal	goal	IconGoal
icon_entry_gpu	gpu	IconGpu
icon_entry_graduation_cap	graduation-cap	IconGraduationCap
icon_entry_grape	grape	IconGrape
icon_entry_grid_2x2_check	grid-2x2-check	IconGrid2x2Check
icon_entry_grid_2x2_plus	grid-2x2-plus	IconGrid2x2Plus
icon_entry_grid_2x2_x	grid-2x2-x	IconGrid2x2X
icon_entry_grid_2x2	grid-2x2	IconGrid2x2
icon_entry_grid_3x2	grid-3x2	IconGrid3x2
icon_entry_grid_3x3	grid-3x3	IconGrid3x3
icon_entry_grip_horizontal	grip-horizontal	IconGripHorizontal
icon_entry_grip_vertical	grip-vertical	IconGripVertical
icon_entry_grip	grip	IconGrip
icon_entry_group	group	IconGroup
icon_entry_guitar	guitar	IconGuitar
icon_entry_ham	ham	IconHam
icon_entry_hamburger	hamburger	IconHamburger
icon_entry_hammer	hammer	IconHammer
icon_entry_hand_coins	hand-coins	IconHandCoins
icon_entry_hand_fist	hand-fist	IconHandFist
icon_entry_hand_grab	hand-grab	IconHandGrab
icon_entry_hand_heart	hand-heart	IconHandHeart
icon_entry_hand_helping	hand-helping	IconHandHelping
icon_entry_hand_metal	hand-metal	IconHandMetal
icon_entry_hand_platter	hand-platter	IconHandPlatter
icon_entry_hand	hand	IconHand
icon_entry_handbag	handbag	IconHandbag
icon_entry_handshake	handshake	IconHandshake
icon_entry_hard_drive_download	hard-drive-download	IconHardDriveDownload
icon_entry_hard_drive_upload	hard-drive-upload	IconHardDriveUpload
icon_entry_hard_drive	hard-drive	IconHardDrive
icon_entry_hard_hat	hard-hat	IconHardHat
icon_entry_hash	hash	IconHash
icon_entry_hat_glasses	hat-glasses	IconHatGlasses
icon_entry_haze	haze	IconHaze
icon_entry_hd	hd	IconHd
icon_entry_hdmi_port	hdmi-port	IconHdmiPort
icon_entry_heading_1	heading-1	IconHeading1
icon_entry_heading_2	heading-2	IconHeading2
icon_entry_heading_3	heading-3	IconHeading3
icon_entry_heading_4	heading-4	IconHeading4
icon_entry_heading_5	heading-5	IconHeading5
icon_entry_heading_6	heading-6	IconHeading6
icon_entry_heading	heading	IconHeading
icon_entry_headphone_off	headphone-off	IconHeadphoneOff
icon_entry_headphones	headphones	IconHeadphones
icon_entry_headset	headset	IconHeadset
icon_entry_heart_crack	heart-crack	IconHeartCrack
icon_entry_heart_handshake	heart-handshake	IconHeartHandshake
icon_entry_heart_minus	heart-minus	IconHeartMinus
icon_entry_heart_off	heart-off	IconHeartOff
icon_entry_heart_plus	heart-plus	IconHeartPlus
icon_entry_heart_pulse	heart-pulse	IconHeartPulse
icon_entry_heart	heart	IconHeart
icon_entry_heater	heater	IconHeater
icon_entry_helicopter	helicopter	IconHelicopter
icon_entry_hexagon	hexagon	IconHexagon
icon_entry_highlighter	highlighter	IconHighlighter
icon_entry_history	history	IconHistory
icon_entry_hop_off	hop-off	IconHopOff
icon_entry_hop	hop	IconHop
icon_entry_hospital	hospital	IconHospital
icon_entry_hotel	hotel	IconHotel
icon_entry_hourglass	hourglass	IconHourglass
icon_entry_house_heart	house-heart	IconHouseHeart
icon_entry_house_plug	house-plug	IconHousePlug
icon_entry_house_plus	house-plus	IconHousePlus
icon_entry_house_wifi	house-wifi	IconHouseWifi
icon_entry_house	house	IconHouse
icon_entry_ice_cream_bowl	ice-cream-bowl	IconIceCreamBowl
icon_entry_ice_cream_cone	ice-cream-cone	IconIceCreamCone
icon_entry_id_card_lanyard	id-card-lanyard	IconIdCardLanyard
icon_entry_id_card	id-card	IconIdCard
icon_entry_image_down	image-down	IconImageDown
icon_entry_image_minus	image-minus	IconImageMinus
icon_entry_image_off	image-off	IconImageOff
icon_entry_image_play	image-play	IconImagePlay
icon_entry_image_plus	image-plus	IconImagePlus
icon_entry_image_up	image-up	IconImageUp
icon_entry_image_upscale	image-upscale	IconImageUpscale
icon_entry_image	image	IconImage
icon_entry_images	images	IconImages
icon_entry_import	import	IconImport
icon_entry_inbox	inbox	IconInbox
icon_entry_indian_rupee	indian-rupee	IconIndianRupee
icon_entry_infinity	infinity	IconInfinity
icon_entry_info	info	IconInfo
icon_entry_inspection_panel	inspection-panel	IconInspectionPanel
icon_entry_instagram	instagram	IconInstagram
icon_entry_italic	italic	IconItalic
icon_entry_iteration_ccw	iteration-ccw	IconIterationCcw
icon_entry_iteration_cw	iteration-cw	IconIterationCw
icon_entry_japanese_yen	japanese-yen	IconJapaneseYen
icon_entry_joystick	joystick	IconJoystick
icon_entry_kanban	kanban	IconKanban
icon_entry_kayak	kayak	IconKayak
icon_entry_key_round	key-round	IconKeyRound
icon_entry_key_square	key-square	IconKeySquare
icon_entry_key	key	IconKey
icon_entry_keyboard_music	keyboard-music	IconKeyboardMusic
icon_entry_keyboard_off	keyboard-off	IconKeyboardOff
icon_entry_keyboard	keyboard	IconKeyboard
icon_entry_lamp_ceiling	lamp-ceiling	IconLampCeiling
icon_entry_lamp_desk	lamp-desk	IconLampDesk
icon_entry_lamp_floor	lamp-floor	IconLampFloor
icon_entry_lamp_wall_down	lamp-wall-down	IconLampWallDown
icon_entry_lamp_wall_up	lamp-wall-up	IconLampWallUp
icon_entry_lamp	lamp	IconLamp
icon_entry_land_plot	land-plot	IconLandPlot
icon_entry_landmark	landmark	IconLandmark
icon_entry_languages	languages	IconLanguages
icon_entry_laptop_minimal_check	laptop-minimal-check	IconLaptopMinimalCheck
icon_entry_laptop_minimal	laptop-minimal	IconLaptopMinimal
icon_entry_laptop	laptop	IconLaptop
icon_entry_lasso_select	lasso-select	IconLassoSelect
icon_entry_lasso	lasso	IconLasso
icon_entry_laugh	laugh	IconLaugh
icon_entry_layers_2	layers-2	IconLayers2
icon_entry_layers_plus	layers-plus	IconLayersPlus
icon_entry_layers	layers	IconLayers
icon_entry_layout_dashboard	layout-dashboard	IconLayoutDashboard
icon_entry_layout_grid	layout-grid	IconLayoutGrid
icon_entry_layout_list	layout-list	IconLayoutList
icon_entry_layout_panel_left	layout-panel-left	IconLayoutPanelLeft
icon_entry_layout_panel_top	layout-panel-top	IconLayoutPanelTop
icon_entry_layout_template	layout-template	IconLayoutTemplate
icon_entry_leaf	leaf	IconLeaf
icon_entry_leafy_green	leafy-green	IconLeafyGreen
icon_entry_lectern	lectern	IconLectern
icon_entry_lens_concave	lens-concave	IconLensConcave
icon_entry_lens_convex	lens-convex	IconLensConvex
icon_entry_library_big	library-big	IconLibraryBig
icon_entry_library	library	IconLibrary
icon_entry_life_buoy	life-buoy	IconLifeBuoy
icon_entry_ligature	ligature	IconLigature
icon_entry_lightbulb_off	lightbulb-off	IconLightbulbOff
icon_entry_lightbulb	lightbulb	IconLightbulb
icon_entry_line_dot_right_horizontal	line-dot-right-horizontal	IconLineDotRightHorizontal
icon_entry_line_squiggle	line-squiggle	IconLineSquiggle
icon_entry_link_2_off	link-2-off	IconLink2Off
icon_entry_link_2	link-2	IconLink2
icon_entry_link	link	IconLink
icon_entry_linkedin	linkedin	IconLinkedin
icon_entry_list_check	list-check	IconListCheck
icon_entry_list_checks	list-checks	IconListChecks
icon_entry_list_chevrons_down_up	list-chevrons-down-up	IconListChevronsDownUp
icon_entry_list_chevrons_up_down	list-chevrons-up-down	IconListChevronsUpDown
icon_entry_list_collapse	list-collapse	IconListCollapse
icon_entry_list_end	list-end	IconListEnd
icon_entry_list_filter_plus	list-filter-plus	IconListFilterPlus
icon_entry_list_filter	list-filter	IconListFilter
icon_entry_list_indent_decrease	list-indent-decrease	IconListIndentDecrease
icon_entry_list_indent_increase	list-indent-increase	IconListIndentIncrease
icon_entry_list_minus	list-minus	IconListMinus
icon_entry_list_music	list-music	IconListMusic
icon_entry_list_ordered	list-ordered	IconListOrdered
icon_entry_list_plus	list-plus	IconListPlus
icon_entry_list_restart	list-restart	IconListRestart
icon_entry_list_start	list-start	IconListStart
icon_entry_list_todo	list-todo	IconListTodo
icon_entry_list_tree	list-tree	IconListTree
icon_entry_list_video	list-video	IconListVideo
icon_entry_list_x	list-x	IconListX
icon_entry_list	list	IconList
icon_entry_loader_circle	loader-circle	IconLoaderCircle
icon_entry_loader_pinwheel	loader-pinwheel	IconLoaderPinwheel
icon_entry_loader	loader	IconLoader
icon_entry_locate_fixed	locate-fixed	IconLocateFixed
icon_entry_locate_off	locate-off	IconLocateOff
icon_entry_locate	locate	IconLocate
icon_entry_lock_keyhole_open	lock-keyhole-open	IconLockKeyholeOpen
icon_entry_lock_keyhole	lock-keyhole	IconLockKeyhole
icon_entry_lock_open	lock-open	IconLockOpen
icon_entry_lock	lock	IconLock
icon_entry_log_in	log-in	IconLogIn
icon_entry_log_out	log-out	IconLogOut
icon_entry_logs	logs	IconLogs
icon_entry_lollipop	lollipop	IconLollipop
icon_entry_luggage	luggage	IconLuggage
icon_entry_magnet	magnet	IconMagnet
icon_entry_mail_check	mail-check	IconMailCheck
icon_entry_mail_minus	mail-minus	IconMailMinus
icon_entry_mail_open	mail-open	IconMailOpen
icon_entry_mail_plus	mail-plus	IconMailPlus
icon_entry_mail_question_mark	mail-question-mark	IconMailQuestionMark
icon_entry_mail_search	mail-search	IconMailSearch
icon_entry_mail_warning	mail-warning	IconMailWarning
icon_entry_mail_x	mail-x	IconMailX
icon_entry_mail	mail	IconMail
icon_entry_mailbox	mailbox	IconMailbox
icon_entry_mails	mails	IconMails
icon_entry_map_minus	map-minus	IconMapMinus
icon_entry_map_pin_check_inside	map-pin-check-inside	IconMapPinCheckInside
icon_entry_map_pin_check	map-pin-check	IconMapPinCheck
icon_entry_map_pin_house	map-pin-house	IconMapPinHouse
icon_entry_map_pin_minus_inside	map-pin-minus-inside	IconMapPinMinusInside
icon_entry_map_pin_minus	map-pin-minus	IconMapPinMinus
icon_entry_map_pin_off	map-pin-off	IconMapPinOff
icon_entry_map_pin_pen	map-pin-pen	IconMapPinPen
icon_entry_map_pin_plus_inside	map-pin-plus-inside	IconMapPinPlusInside
icon_entry_map_pin_plus	map-pin-plus	IconMapPinPlus
icon_entry_map_pin_x_inside	map-pin-x-inside	IconMapPinXInside
icon_entry_map_pin_x	map-pin-x	IconMapPinX
icon_entry_map_pin	map-pin	IconMapPin
icon_entry_map_pinned	map-pinned	IconMapPinned
icon_entry_map_plus	map-plus	IconMapPlus
icon_entry_map	map	IconMap
icon_entry_mars_stroke	mars-stroke	IconMarsStroke
icon_entry_mars	mars	IconMars
icon_entry_martini	martini	IconMartini
icon_entry_maximize_2	maximize-2	IconMaximize2
icon_entry_maximize	maximize	IconMaximize
icon_entry_medal	medal	IconMedal
icon_entry_megaphone_off	megaphone-off	IconMegaphoneOff
icon_entry_megaphone	megaphone	IconMegaphone
icon_entry_meh	meh	IconMeh
icon_entry_memory_stick	memory-stick	IconMemoryStick
icon_entry_menu	menu	IconMenu
icon_entry_merge	merge	IconMerge
icon_entry_message_circle_check	message-circle-check	IconMessageCircleCheck
icon_entry_message_circle_code	message-circle-code	IconMessageCircleCode
icon_entry_message_circle_dashed	message-circle-dashed	IconMessageCircleDashed
icon_entry_message_circle_heart	message-circle-heart	IconMessageCircleHeart
icon_entry_message_circle_more	message-circle-more	IconMessageCircleMore
icon_entry_message_circle_off	message-circle-off	IconMessageCircleOff
icon_entry_message_circle_plus	message-circle-plus	IconMessageCirclePlus
icon_entry_message_circle_question_mark	message-circle-question-mark	IconMessageCircleQuestionMark
icon_entry_message_circle_reply	message-circle-reply	IconMessageCircleReply
icon_entry_message_circle_warning	message-circle-warning	IconMessageCircleWarning
icon_entry_message_circle_x	message-circle-x	IconMessageCircleX
icon_entry_message_circle	message-circle	IconMessageCircle
icon_entry_message_square_check	message-square-check	IconMessageSquareCheck
icon_entry_message_square_code	message-square-code	IconMessageSquareCode
icon_entry_message_square_dashed	message-square-dashed	IconMessageSquareDashed
icon_entry_message_square_diff	message-square-diff	IconMessageSquareDiff
icon_entry_message_square_dot	message-square-dot	IconMessageSquareDot
icon_entry_message_square_heart	message-square-heart	IconMessageSquareHeart
icon_entry_message_square_lock	message-square-lock	IconMessageSquareLock
icon_entry_message_square_more	message-square-more	IconMessageSquareMore
icon_entry_message_square_off	message-square-off	IconMessageSquareOff
icon_entry_message_square_plus	message-square-plus	IconMessageSquarePlus
icon_entry_message_square_quote	message-square-quote	IconMessageSquareQuote
icon_entry_message_square_reply	message-square-reply	IconMessageSquareReply
icon_entry_message_square_share	message-square-share	IconMessageSquareShare
icon_entry_message_square_text	message-square-text	IconMessageSquareText
icon_entry_message_square_warning	message-square-warning	IconMessageSquareWarning
icon_entry_message_square_x	message-square-x	IconMessageSquareX
icon_entry_message_square	message-square	IconMessageSquare
icon_entry_messages_square	messages-square	IconMessagesSquare
icon_entry_metronome	metronome	IconMetronome
icon_entry_mic_off	mic-off	IconMicOff
icon_entry_mic_vocal	mic-vocal	IconMicVocal
icon_entry_mic	mic	IconMic
icon_entry_microchip	microchip	IconMicrochip
icon_entry_microscope	microscope	IconMicroscope
icon_entry_microwave	microwave	IconMicrowave
icon_entry_milestone	milestone	IconMilestone
icon_entry_milk_off	milk-off	IconMilkOff
icon_entry_milk	milk	IconMilk
icon_entry_minimize_2	minimize-2	IconMinimize2
icon_entry_minimize	minimize	IconMinimize
icon_entry_minus	minus	IconMinus
icon_entry_mirror_rectangular	mirror-rectangular	IconMirrorRectangular
icon_entry_mirror_round	mirror-round	IconMirrorRound
icon_entry_monitor_check	monitor-check	IconMonitorCheck
icon_entry_monitor_cloud	monitor-cloud	IconMonitorCloud
icon_entry_monitor_cog	monitor-cog	IconMonitorCog
icon_entry_monitor_dot	monitor-dot	IconMonitorDot
icon_entry_monitor_down	monitor-down	IconMonitorDown
icon_entry_monitor_off	monitor-off	IconMonitorOff
icon_entry_monitor_pause	monitor-pause	IconMonitorPause
icon_entry_monitor_play	monitor-play	IconMonitorPlay
icon_entry_monitor_smartphone	monitor-smartphone	IconMonitorSmartphone
icon_entry_monitor_speaker	monitor-speaker	IconMonitorSpeaker
icon_entry_monitor_stop	monitor-stop	IconMonitorStop
icon_entry_monitor_up	monitor-up	IconMonitorUp
icon_entry_monitor_x	monitor-x	IconMonitorX
icon_entry_monitor	monitor	IconMonitor
icon_entry_moon_star	moon-star	IconMoonStar
icon_entry_moon	moon	IconMoon
icon_entry_motorbike	motorbike	IconMotorbike
icon_entry_mountain_snow	mountain-snow	IconMountainSnow
icon_entry_mountain	mountain	IconMountain
icon_entry_mouse_left	mouse-left	IconMouseLeft
icon_entry_mouse_off	mouse-off	IconMouseOff
icon_entry_mouse_pointer_2_off	mouse-pointer-2-off	IconMousePointer2Off
icon_entry_mouse_pointer_2	mouse-pointer-2	IconMousePointer2
icon_entry_mouse_pointer_ban	mouse-pointer-ban	IconMousePointerBan
icon_entry_mouse_pointer_click	mouse-pointer-click	IconMousePointerClick
icon_entry_mouse_pointer	mouse-pointer	IconMousePointer
icon_entry_mouse_right	mouse-right	IconMouseRight
icon_entry_mouse	mouse	IconMouse
icon_entry_move_3d	move-3d	IconMove3d
icon_entry_move_diagonal_2	move-diagonal-2	IconMoveDiagonal2
icon_entry_move_diagonal	move-diagonal	IconMoveDiagonal
icon_entry_move_down_left	move-down-left	IconMoveDownLeft
icon_entry_move_down_right	move-down-right	IconMoveDownRight
icon_entry_move_down	move-down	IconMoveDown
icon_entry_move_horizontal	move-horizontal	IconMoveHorizontal
icon_entry_move_left	move-left	IconMoveLeft
icon_entry_move_right	move-right	IconMoveRight
icon_entry_move_up_left	move-up-left	IconMoveUpLeft
icon_entry_move_up_right	move-up-right	IconMoveUpRight
icon_entry_move_up	move-up	IconMoveUp
icon_entry_move_vertical	move-vertical	IconMoveVertical
icon_entry_move	move	IconMove
icon_entry_music_2	music-2	IconMusic2
icon_entry_music_3	music-3	IconMusic3
icon_entry_music_4	music-4	IconMusic4
icon_entry_music	music	IconMusic
icon_entry_navigation_2_off	navigation-2-off	IconNavigation2Off
icon_entry_navigation_2	navigation-2	IconNavigation2
icon_entry_navigation_off	navigation-off	IconNavigationOff
icon_entry_navigation	navigation	IconNavigation
icon_entry_network	network	IconNetwork
icon_entry_newspaper	newspaper	IconNewspaper
icon_entry_nfc	nfc	IconNfc
icon_entry_non_binary	non-binary	IconNonBinary
icon_entry_notebook_pen	notebook-pen	IconNotebookPen
icon_entry_notebook_tabs	notebook-tabs	IconNotebookTabs
icon_entry_notebook_text	notebook-text	IconNotebookText
icon_entry_notebook	notebook	IconNotebook
icon_entry_notepad_text_dashed	notepad-text-dashed	IconNotepadTextDashed
icon_entry_notepad_text	notepad-text	IconNotepadText
icon_entry_nut_off	nut-off	IconNutOff
icon_entry_nut	nut	IconNut
icon_entry_octagon_alert	octagon-alert	IconOctagonAlert
icon_entry_octagon_minus	octagon-minus	IconOctagonMinus
icon_entry_octagon_pause	octagon-pause	IconOctagonPause
icon_entry_octagon_x	octagon-x	IconOctagonX
icon_entry_octagon	octagon	IconOctagon
icon_entry_omega	omega	IconOmega
icon_entry_option	option	IconOption
icon_entry_orbit	orbit	IconOrbit
icon_entry_origami	origami	IconOrigami
icon_entry_package_2	package-2	IconPackage2
icon_entry_package_check	package-check	IconPackageCheck
icon_entry_package_minus	package-minus	IconPackageMinus
icon_entry_package_open	package-open	IconPackageOpen
icon_entry_package_plus	package-plus	IconPackagePlus
icon_entry_package_search	package-search	IconPackageSearch
icon_entry_package_x	package-x	IconPackageX
icon_entry_package	package	IconPackage
icon_entry_paint_bucket	paint-bucket	IconPaintBucket
icon_entry_paint_roller	paint-roller	IconPaintRoller
icon_entry_paintbrush_vertical	paintbrush-vertical	IconPaintbrushVertical
icon_entry_paintbrush	paintbrush	IconPaintbrush
icon_entry_palette	palette	IconPalette
icon_entry_panda	panda	IconPanda
icon_entry_panel_bottom_close	panel-bottom-close	IconPanelBottomClose
icon_entry_panel_bottom_dashed	panel-bottom-dashed	IconPanelBottomDashed
icon_entry_panel_bottom_open	panel-bottom-open	IconPanelBottomOpen
icon_entry_panel_bottom	panel-bottom	IconPanelBottom
icon_entry_panel_left_close	panel-left-close	IconPanelLeftClose
icon_entry_panel_left_dashed	panel-left-dashed	IconPanelLeftDashed
icon_entry_panel_left_open	panel-left-open	IconPanelLeftOpen
icon_entry_panel_left_right_dashed	panel-left-right-dashed	IconPanelLeftRightDashed
icon_entry_panel_left	panel-left	IconPanelLeft
icon_entry_panel_right_close	panel-right-close	IconPanelRightClose
icon_entry_panel_right_dashed	panel-right-dashed	IconPanelRightDashed
icon_entry_panel_right_open	panel-right-open	IconPanelRightOpen
icon_entry_panel_right	panel-right	IconPanelRight
icon_entry_panel_top_bottom_dashed	panel-top-bottom-dashed	IconPanelTopBottomDashed
icon_entry_panel_top_close	panel-top-close	IconPanelTopClose
icon_entry_panel_top_dashed	panel-top-dashed	IconPanelTopDashed
icon_entry_panel_top_open	panel-top-open	IconPanelTopOpen
icon_entry_panel_top	panel-top	IconPanelTop
icon_entry_panels_left_bottom	panels-left-bottom	IconPanelsLeftBottom
icon_entry_panels_right_bottom	panels-right-bottom	IconPanelsRightBottom
icon_entry_panels_top_left	panels-top-left	IconPanelsTopLeft
icon_entry_paperclip	paperclip	IconPaperclip
icon_entry_parentheses	parentheses	IconParentheses
icon_entry_parking_meter	parking-meter	IconParkingMeter
icon_entry_party_popper	party-popper	IconPartyPopper
icon_entry_pause	pause	IconPause
icon_entry_paw_print	paw-print	IconPawPrint
icon_entry_pc_case	pc-case	IconPcCase
icon_entry_pen_line	pen-line	IconPenLine
icon_entry_pen_off	pen-off	IconPenOff
icon_entry_pen_tool	pen-tool	IconPenTool
icon_entry_pen	pen	IconPen
icon_entry_pencil_line	pencil-line	IconPencilLine
icon_entry_pencil_off	pencil-off	IconPencilOff
icon_entry_pencil_ruler	pencil-ruler	IconPencilRuler
icon_entry_pencil	pencil	IconPencil
icon_entry_pentagon	pentagon	IconPentagon
icon_entry_percent	percent	IconPercent
icon_entry_person_standing	person-standing	IconPersonStanding
icon_entry_philippine_peso	philippine-peso	IconPhilippinePeso
icon_entry_phone_call	phone-call	IconPhoneCall
icon_entry_phone_forwarded	phone-forwarded	IconPhoneForwarded
icon_entry_phone_incoming	phone-incoming	IconPhoneIncoming
icon_entry_phone_missed	phone-missed	IconPhoneMissed
icon_entry_phone_off	phone-off	IconPhoneOff
icon_entry_phone_outgoing	phone-outgoing	IconPhoneOutgoing
icon_entry_phone	phone	IconPhone
icon_entry_pi	pi	IconPi
icon_entry_piano	piano	IconPiano
icon_entry_pickaxe	pickaxe	IconPickaxe
icon_entry_picture_in_picture_2	picture-in-picture-2	IconPictureInPicture2
icon_entry_picture_in_picture	picture-in-picture	IconPictureInPicture
icon_entry_piggy_bank	piggy-bank	IconPiggyBank
icon_entry_pilcrow_left	pilcrow-left	IconPilcrowLeft
icon_entry_pilcrow_right	pilcrow-right	IconPilcrowRight
icon_entry_pilcrow	pilcrow	IconPilcrow
icon_entry_pill_bottle	pill-bottle	IconPillBottle
icon_entry_pill	pill	IconPill
icon_entry_pin_off	pin-off	IconPinOff
icon_entry_pin	pin	IconPin
icon_entry_pipette	pipette	IconPipette
icon_entry_pizza	pizza	IconPizza
icon_entry_plane_landing	plane-landing	IconPlaneLanding
icon_entry_plane_takeoff	plane-takeoff	IconPlaneTakeoff
icon_entry_plane	plane	IconPlane
icon_entry_play	play	IconPlay
icon_entry_plug_2	plug-2	IconPlug2
icon_entry_plug_zap	plug-zap	IconPlugZap
icon_entry_plug	plug	IconPlug
icon_entry_plus	plus	IconPlus
icon_entry_pocket_knife	pocket-knife	IconPocketKnife
icon_entry_pocket	pocket	IconPocket
icon_entry_podcast	podcast	IconPodcast
icon_entry_pointer_off	pointer-off	IconPointerOff
icon_entry_pointer	pointer	IconPointer
icon_entry_popcorn	popcorn	IconPopcorn
icon_entry_popsicle	popsicle	IconPopsicle
icon_entry_pound_sterling	pound-sterling	IconPoundSterling
icon_entry_power_off	power-off	IconPowerOff
icon_entry_power	power	IconPower
icon_entry_presentation	presentation	IconPresentation
icon_entry_printer_check	printer-check	IconPrinterCheck
icon_entry_printer_x	printer-x	IconPrinterX
icon_entry_printer	printer	IconPrinter
icon_entry_projector	projector	IconProjector
icon_entry_proportions	proportions	IconProportions
icon_entry_puzzle	puzzle	IconPuzzle
icon_entry_pyramid	pyramid	IconPyramid
icon_entry_qr_code	qr-code	IconQrCode
icon_entry_quote	quote	IconQuote
icon_entry_rabbit	rabbit	IconRabbit
icon_entry_radar	radar	IconRadar
icon_entry_radiation	radiation	IconRadiation
icon_entry_radical	radical	IconRadical
icon_entry_radio_receiver	radio-receiver	IconRadioReceiver
icon_entry_radio_tower	radio-tower	IconRadioTower
icon_entry_radio	radio	IconRadio
icon_entry_radius	radius	IconRadius
icon_entry_rail_symbol	rail-symbol	IconRailSymbol
icon_entry_rainbow	rainbow	IconRainbow
icon_entry_rat	rat	IconRat
icon_entry_ratio	ratio	IconRatio
icon_entry_receipt_cent	receipt-cent	IconReceiptCent
icon_entry_receipt_euro	receipt-euro	IconReceiptEuro
icon_entry_receipt_indian_rupee	receipt-indian-rupee	IconReceiptIndianRupee
icon_entry_receipt_japanese_yen	receipt-japanese-yen	IconReceiptJapaneseYen
icon_entry_receipt_pound_sterling	receipt-pound-sterling	IconReceiptPoundSterling
icon_entry_receipt_russian_ruble	receipt-russian-ruble	IconReceiptRussianRuble
icon_entry_receipt_swiss_franc	receipt-swiss-franc	IconReceiptSwissFranc
icon_entry_receipt_text	receipt-text	IconReceiptText
icon_entry_receipt_turkish_lira	receipt-turkish-lira	IconReceiptTurkishLira
icon_entry_receipt	receipt	IconReceipt
icon_entry_rectangle_circle	rectangle-circle	IconRectangleCircle
icon_entry_rectangle_ellipsis	rectangle-ellipsis	IconRectangleEllipsis
icon_entry_rectangle_goggles	rectangle-goggles	IconRectangleGoggles
icon_entry_rectangle_horizontal	rectangle-horizontal	IconRectangleHorizontal
icon_entry_rectangle_vertical	rectangle-vertical	IconRectangleVertical
icon_entry_recycle	recycle	IconRecycle
icon_entry_redo_2	redo-2	IconRedo2
icon_entry_redo_dot	redo-dot	IconRedoDot
icon_entry_redo	redo	IconRedo
icon_entry_refresh_ccw_dot	refresh-ccw-dot	IconRefreshCcwDot
icon_entry_refresh_ccw	refresh-ccw	IconRefreshCcw
icon_entry_refresh_cw_off	refresh-cw-off	IconRefreshCwOff
icon_entry_refresh_cw	refresh-cw	IconRefreshCw
icon_entry_refrigerator	refrigerator	IconRefrigerator
icon_entry_regex	regex	IconRegex
icon_entry_remove_formatting	remove-formatting	IconRemoveFormatting
icon_entry_repeat_1	repeat-1	IconRepeat1
icon_entry_repeat_2	repeat-2	IconRepeat2
icon_entry_repeat	repeat	IconRepeat
icon_entry_replace_all	replace-all	IconReplaceAll
icon_entry_replace	replace	IconReplace
icon_entry_reply_all	reply-all	IconReplyAll
icon_entry_reply	reply	IconReply
icon_entry_rewind	rewind	IconRewind
icon_entry_ribbon	ribbon	IconRibbon
icon_entry_rocket	rocket	IconRocket
icon_entry_rocking_chair	rocking-chair	IconRockingChair
icon_entry_roller_coaster	roller-coaster	IconRollerCoaster
icon_entry_rose	rose	IconRose
icon_entry_rotate_3d	rotate-3d	IconRotate3d
icon_entry_rotate_ccw_key	rotate-ccw-key	IconRotateCcwKey
icon_entry_rotate_ccw_square	rotate-ccw-square	IconRotateCcwSquare
icon_entry_rotate_ccw	rotate-ccw	IconRotateCcw
icon_entry_rotate_cw_square	rotate-cw-square	IconRotateCwSquare
icon_entry_rotate_cw	rotate-cw	IconRotateCw
icon_entry_route_off	route-off	IconRouteOff
icon_entry_route	route	IconRoute
icon_entry_router	router	IconRouter
icon_entry_rows_2	rows-2	IconRows2
icon_entry_rows_3	rows-3	IconRows3
icon_entry_rows_4	rows-4	IconRows4
icon_entry_rss	rss	IconRss
icon_entry_ruler_dimension_line	ruler-dimension-line	IconRulerDimensionLine
icon_entry_ruler	ruler	IconRuler
icon_entry_russian_ruble	russian-ruble	IconRussianRuble
icon_entry_sailboat	sailboat	IconSailboat
icon_entry_salad	salad	IconSalad
icon_entry_sandwich	sandwich	IconSandwich
icon_entry_satellite_dish	satellite-dish	IconSatelliteDish
icon_entry_satellite	satellite	IconSatellite
icon_entry_saudi_riyal	saudi-riyal	IconSaudiRiyal
icon_entry_save_all	save-all	IconSaveAll
icon_entry_save_off	save-off	IconSaveOff
icon_entry_save	save	IconSave
icon_entry_scale_3d	scale-3d	IconScale3d
icon_entry_scale	scale	IconScale
icon_entry_scaling	scaling	IconScaling
icon_entry_scan_barcode	scan-barcode	IconScanBarcode
icon_entry_scan_eye	scan-eye	IconScanEye
icon_entry_scan_face	scan-face	IconScanFace
icon_entry_scan_heart	scan-heart	IconScanHeart
icon_entry_scan_line	scan-line	IconScanLine
icon_entry_scan_qr_code	scan-qr-code	IconScanQrCode
icon_entry_scan_search	scan-search	IconScanSearch
icon_entry_scan_text	scan-text	IconScanText
icon_entry_scan	scan	IconScan
icon_entry_school	school	IconSchool
icon_entry_scissors_line_dashed	scissors-line-dashed	IconScissorsLineDashed
icon_entry_scissors	scissors	IconScissors
icon_entry_scooter	scooter	IconScooter
icon_entry_screen_share_off	screen-share-off	IconScreenShareOff
icon_entry_screen_share	screen-share	IconScreenShare
icon_entry_scroll_text	scroll-text	IconScrollText
icon_entry_scroll	scroll	IconScroll
icon_entry_search_alert	search-alert	IconSearchAlert
icon_entry_search_check	search-check	IconSearchCheck
icon_entry_search_code	search-code	IconSearchCode
icon_entry_search_slash	search-slash	IconSearchSlash
icon_entry_search_x	search-x	IconSearchX
icon_entry_search	search	IconSearch
icon_entry_section	section	IconSection
icon_entry_send_horizontal	send-horizontal	IconSendHorizontal
icon_entry_send_to_back	send-to-back	IconSendToBack
icon_entry_send	send	IconSend
icon_entry_separator_horizontal	separator-horizontal	IconSeparatorHorizontal
icon_entry_separator_vertical	separator-vertical	IconSeparatorVertical
icon_entry_server_cog	server-cog	IconServerCog
icon_entry_server_crash	server-crash	IconServerCrash
icon_entry_server_off	server-off	IconServerOff
icon_entry_server	server	IconServer
icon_entry_settings_2	settings-2	IconSettings2
icon_entry_settings	settings	IconSettings
icon_entry_shapes	shapes	IconShapes
icon_entry_share_2	share-2	IconShare2
icon_entry_share	share	IconShare
icon_entry_sheet	sheet	IconSheet
icon_entry_shell	shell	IconShell
icon_entry_shelving_unit	shelving-unit	IconShelvingUnit
icon_entry_shield_alert	shield-alert	IconShieldAlert
icon_entry_shield_ban	shield-ban	IconShieldBan
icon_entry_shield_check	shield-check	IconShieldCheck
icon_entry_shield_ellipsis	shield-ellipsis	IconShieldEllipsis
icon_entry_shield_half	shield-half	IconShieldHalf
icon_entry_shield_minus	shield-minus	IconShieldMinus
icon_entry_shield_off	shield-off	IconShieldOff
icon_entry_shield_plus	shield-plus	IconShieldPlus
icon_entry_shield_question_mark	shield-question-mark	IconShieldQuestionMark
icon_entry_shield_user	shield-user	IconShieldUser
icon_entry_shield_x	shield-x	IconShieldX
icon_entry_shield	shield	IconShield
icon_entry_ship_wheel	ship-wheel	IconShipWheel
icon_entry_ship	ship	IconShip
icon_entry_shirt	shirt	IconShirt
icon_entry_shopping_bag	shopping-bag	IconShoppingBag
icon_entry_shopping_basket	shopping-basket	IconShoppingBasket
icon_entry_shopping_cart	shopping-cart	IconShoppingCart
icon_entry_shovel	shovel	IconShovel
icon_entry_shower_head	shower-head	IconShowerHead
icon_entry_shredder	shredder	IconShredder
icon_entry_shrimp	shrimp	IconShrimp
icon_entry_shrink	shrink	IconShrink
icon_entry_shrub	shrub	IconShrub
icon_entry_shuffle	shuffle	IconShuffle
icon_entry_sigma	sigma	IconSigma
icon_entry_signal_high	signal-high	IconSignalHigh
icon_entry_signal_low	signal-low	IconSignalLow
icon_entry_signal_medium	signal-medium	IconSignalMedium
icon_entry_signal_zero	signal-zero	IconSignalZero
icon_entry_signal	signal	IconSignal
icon_entry_signature	signature	IconSignature
icon_entry_signpost_big	signpost-big	IconSignpostBig
icon_entry_signpost	signpost	IconSignpost
icon_entry_siren	siren	IconSiren
icon_entry_skip_back	skip-back	IconSkipBack
icon_entry_skip_forward	skip-forward	IconSkipForward
icon_entry_skull	skull	IconSkull
icon_entry_slack	slack	IconSlack
icon_entry_slash	slash	IconSlash
icon_entry_slice	slice	IconSlice
icon_entry_sliders_horizontal	sliders-horizontal	IconSlidersHorizontal
icon_entry_sliders_vertical	sliders-vertical	IconSlidersVertical
icon_entry_smartphone_charging	smartphone-charging	IconSmartphoneCharging
icon_entry_smartphone_nfc	smartphone-nfc	IconSmartphoneNfc
icon_entry_smartphone	smartphone	IconSmartphone
icon_entry_smile_plus	smile-plus	IconSmilePlus
icon_entry_smile	smile	IconSmile
icon_entry_snail	snail	IconSnail
icon_entry_snowflake	snowflake	IconSnowflake
icon_entry_soap_dispenser_droplet	soap-dispenser-droplet	IconSoapDispenserDroplet
icon_entry_sofa	sofa	IconSofa
icon_entry_solar_panel	solar-panel	IconSolarPanel
icon_entry_soup	soup	IconSoup
icon_entry_space	space	IconSpace
icon_entry_spade	spade	IconSpade
icon_entry_sparkle	sparkle	IconSparkle
icon_entry_sparkles	sparkles	IconSparkles
icon_entry_speaker	speaker	IconSpeaker
icon_entry_speech	speech	IconSpeech
icon_entry_spell_check_2	spell-check-2	IconSpellCheck2
icon_entry_spell_check	spell-check	IconSpellCheck
icon_entry_spline_pointer	spline-pointer	IconSplinePointer
icon_entry_spline	spline	IconSpline
icon_entry_split	split	IconSplit
icon_entry_spool	spool	IconSpool
icon_entry_spotlight	spotlight	IconSpotlight
icon_entry_spray_can	spray-can	IconSprayCan
icon_entry_sprout	sprout	IconSprout
icon_entry_square_activity	square-activity	IconSquareActivity
icon_entry_square_arrow_down_left	square-arrow-down-left	IconSquareArrowDownLeft
icon_entry_square_arrow_down_right	square-arrow-down-right	IconSquareArrowDownRight
icon_entry_square_arrow_down	square-arrow-down	IconSquareArrowDown
icon_entry_square_arrow_left	square-arrow-left	IconSquareArrowLeft
icon_entry_square_arrow_out_down_left	square-arrow-out-down-left	IconSquareArrowOutDownLeft
icon_entry_square_arrow_out_down_right	square-arrow-out-down-right	IconSquareArrowOutDownRight
icon_entry_square_arrow_out_up_left	square-arrow-out-up-left	IconSquareArrowOutUpLeft
icon_entry_square_arrow_out_up_right	square-arrow-out-up-right	IconSquareArrowOutUpRight
icon_entry_square_arrow_right_enter	square-arrow-right-enter	IconSquareArrowRightEnter
icon_entry_square_arrow_right_exit	square-arrow-right-exit	IconSquareArrowRightExit
icon_entry_square_arrow_right	square-arrow-right	IconSquareArrowRight
icon_entry_square_arrow_up_left	square-arrow-up-left	IconSquareArrowUpLeft
icon_entry_square_arrow_up_right	square-arrow-up-right	IconSquareArrowUpRight
icon_entry_square_arrow_up	square-arrow-up	IconSquareArrowUp
icon_entry_square_asterisk	square-asterisk	IconSquareAsterisk
icon_entry_square_bottom_dashed_scissors	square-bottom-dashed-scissors	IconSquareBottomDashedScissors
icon_entry_square_centerline_dashed_horizontal	square-centerline-dashed-horizontal	IconSquareCenterlineDashedHorizontal
icon_entry_square_centerline_dashed_vertical	square-centerline-dashed-vertical	IconSquareCenterlineDashedVertical
icon_entry_square_chart_gantt	square-chart-gantt	IconSquareChartGantt
icon_entry_square_check_big	square-check-big	IconSquareCheckBig
icon_entry_square_check	square-check	IconSquareCheck
icon_entry_square_chevron_down	square-chevron-down	IconSquareChevronDown
icon_entry_square_chevron_left	square-chevron-left	IconSquareChevronLeft
icon_entry_square_chevron_right	square-chevron-right	IconSquareChevronRight
icon_entry_square_chevron_up	square-chevron-up	IconSquareChevronUp
icon_entry_square_code	square-code	IconSquareCode
icon_entry_square_dashed_bottom_code	square-dashed-bottom-code	IconSquareDashedBottomCode
icon_entry_square_dashed_bottom	square-dashed-bottom	IconSquareDashedBottom
icon_entry_square_dashed_kanban	square-dashed-kanban	IconSquareDashedKanban
icon_entry_square_dashed_mouse_pointer	square-dashed-mouse-pointer	IconSquareDashedMousePointer
icon_entry_square_dashed_top_solid	square-dashed-top-solid	IconSquareDashedTopSolid
icon_entry_square_dashed	square-dashed	IconSquareDashed
icon_entry_square_divide	square-divide	IconSquareDivide
icon_entry_square_dot	square-dot	IconSquareDot
icon_entry_square_equal	square-equal	IconSquareEqual
icon_entry_square_function	square-function	IconSquareFunction
icon_entry_square_kanban	square-kanban	IconSquareKanban
icon_entry_square_library	square-library	IconSquareLibrary
icon_entry_square_m	square-m	IconSquareM
icon_entry_square_menu	square-menu	IconSquareMenu
icon_entry_square_minus	square-minus	IconSquareMinus
icon_entry_square_mouse_pointer	square-mouse-pointer	IconSquareMousePointer
icon_entry_square_parking_off	square-parking-off	IconSquareParkingOff
icon_entry_square_parking	square-parking	IconSquareParking
icon_entry_square_pause	square-pause	IconSquarePause
icon_entry_square_pen	square-pen	IconSquarePen
icon_entry_square_percent	square-percent	IconSquarePercent
icon_entry_square_pi	square-pi	IconSquarePi
icon_entry_square_pilcrow	square-pilcrow	IconSquarePilcrow
icon_entry_square_play	square-play	IconSquarePlay
icon_entry_square_plus	square-plus	IconSquarePlus
icon_entry_square_power	square-power	IconSquarePower
icon_entry_square_radical	square-radical	IconSquareRadical
icon_entry_square_round_corner	square-round-corner	IconSquareRoundCorner
icon_entry_square_scissors	square-scissors	IconSquareScissors
icon_entry_square_sigma	square-sigma	IconSquareSigma
icon_entry_square_slash	square-slash	IconSquareSlash
icon_entry_square_split_horizontal	square-split-horizontal	IconSquareSplitHorizontal
icon_entry_square_split_vertical	square-split-vertical	IconSquareSplitVertical
icon_entry_square_square	square-square	IconSquareSquare
icon_entry_square_stack	square-stack	IconSquareStack
icon_entry_square_star	square-star	IconSquareStar
icon_entry_square_stop	square-stop	IconSquareStop
icon_entry_square_terminal	square-terminal	IconSquareTerminal
icon_entry_square_user_round	square-user-round	IconSquareUserRound
icon_entry_square_user	square-user	IconSquareUser
icon_entry_square_x	square-x	IconSquareX
icon_entry_square	square	IconSquare
icon_entry_squares_exclude	squares-exclude	IconSquaresExclude
icon_entry_squares_intersect	squares-intersect	IconSquaresIntersect
icon_entry_squares_subtract	squares-subtract	IconSquaresSubtract
icon_entry_squares_unite	squares-unite	IconSquaresUnite
icon_entry_squircle_dashed	squircle-dashed	IconSquircleDashed
icon_entry_squircle	squircle	IconSquircle
icon_entry_squirrel	squirrel	IconSquirrel
icon_entry_stamp	stamp	IconStamp
icon_entry_star_half	star-half	IconStarHalf
icon_entry_star_off	star-off	IconStarOff
icon_entry_star	star	IconStar
icon_entry_step_back	step-back	IconStepBack
icon_entry_step_forward	step-forward	IconStepForward
icon_entry_stethoscope	stethoscope	IconStethoscope
icon_entry_sticker	sticker	IconSticker
icon_entry_sticky_note	sticky-note	IconStickyNote
icon_entry_stone	stone	IconStone
icon_entry_store	store	IconStore
icon_entry_stretch_horizontal	stretch-horizontal	IconStretchHorizontal
icon_entry_stretch_vertical	stretch-vertical	IconStretchVertical
icon_entry_strikethrough	strikethrough	IconStrikethrough
icon_entry_subscript	subscript	IconSubscript
icon_entry_sun_dim	sun-dim	IconSunDim
icon_entry_sun_medium	sun-medium	IconSunMedium
icon_entry_sun_moon	sun-moon	IconSunMoon
icon_entry_sun_snow	sun-snow	IconSunSnow
icon_entry_sun	sun	IconSun
icon_entry_sunrise	sunrise	IconSunrise
icon_entry_sunset	sunset	IconSunset
icon_entry_superscript	superscript	IconSuperscript
icon_entry_swatch_book	swatch-book	IconSwatchBook
icon_entry_swiss_franc	swiss-franc	IconSwissFranc
icon_entry_switch_camera	switch-camera	IconSwitchCamera
icon_entry_sword	sword	IconSword
icon_entry_swords	swords	IconSwords
icon_entry_syringe	syringe	IconSyringe
icon_entry_table_2	table-2	IconTable2
icon_entry_table_cells_merge	table-cells-merge	IconTableCellsMerge
icon_entry_table_cells_split	table-cells-split	IconTableCellsSplit
icon_entry_table_columns_split	table-columns-split	IconTableColumnsSplit
icon_entry_table_of_contents	table-of-contents	IconTableOfContents
icon_entry_table_properties	table-properties	IconTableProperties
icon_entry_table_rows_split	table-rows-split	IconTableRowsSplit
icon_entry_table	table	IconTable
icon_entry_tablet_smartphone	tablet-smartphone	IconTabletSmartphone
icon_entry_tablet	tablet	IconTablet
icon_entry_tablets	tablets	IconTablets
icon_entry_tag	tag	IconTag
icon_entry_tags	tags	IconTags
icon_entry_tally_1	tally-1	IconTally1
icon_entry_tally_2	tally-2	IconTally2
icon_entry_tally_3	tally-3	IconTally3
icon_entry_tally_4	tally-4	IconTally4
icon_entry_tally_5	tally-5	IconTally5
icon_entry_tangent	tangent	IconTangent
icon_entry_target	target	IconTarget
icon_entry_telescope	telescope	IconTelescope
icon_entry_tent_tree	tent-tree	IconTentTree
icon_entry_tent	tent	IconTent
icon_entry_terminal	terminal	IconTerminal
icon_entry_test_tube_diagonal	test-tube-diagonal	IconTestTubeDiagonal
icon_entry_test_tube	test-tube	IconTestTube
icon_entry_test_tubes	test-tubes	IconTestTubes
icon_entry_text_align_center	text-align-center	IconTextAlignCenter
icon_entry_text_align_end	text-align-end	IconTextAlignEnd
icon_entry_text_align_justify	text-align-justify	IconTextAlignJustify
icon_entry_text_align_start	text-align-start	IconTextAlignStart
icon_entry_text_cursor_input	text-cursor-input	IconTextCursorInput
icon_entry_text_cursor	text-cursor	IconTextCursor
icon_entry_text_initial	text-initial	IconTextInitial
icon_entry_text_quote	text-quote	IconTextQuote
icon_entry_text_search	text-search	IconTextSearch
icon_entry_text_select	text-select	IconTextSelect
icon_entry_text_wrap	text-wrap	IconTextWrap
icon_entry_theater	theater	IconTheater
icon_entry_thermometer_snowflake	thermometer-snowflake	IconThermometerSnowflake
icon_entry_thermometer_sun	thermometer-sun	IconThermometerSun
icon_entry_thermometer	thermometer	IconThermometer
icon_entry_thumbs_down	thumbs-down	IconThumbsDown
icon_entry_thumbs_up	thumbs-up	IconThumbsUp
icon_entry_ticket_check	ticket-check	IconTicketCheck
icon_entry_ticket_minus	ticket-minus	IconTicketMinus
icon_entry_ticket_percent	ticket-percent	IconTicketPercent
icon_entry_ticket_plus	ticket-plus	IconTicketPlus
icon_entry_ticket_slash	ticket-slash	IconTicketSlash
icon_entry_ticket_x	ticket-x	IconTicketX
icon_entry_ticket	ticket	IconTicket
icon_entry_tickets_plane	tickets-plane	IconTicketsPlane
icon_entry_tickets	tickets	IconTickets
icon_entry_timer_off	timer-off	IconTimerOff
icon_entry_timer_reset	timer-reset	IconTimerReset
icon_entry_timer	timer	IconTimer
icon_entry_toggle_left	toggle-left	IconToggleLeft
icon_entry_toggle_right	toggle-right	IconToggleRight
icon_entry_toilet	toilet	IconToilet
icon_entry_tool_case	tool-case	IconToolCase
icon_entry_toolbox	toolbox	IconToolbox
icon_entry_tornado	tornado	IconTornado
icon_entry_torus	torus	IconTorus
icon_entry_touchpad_off	touchpad-off	IconTouchpadOff
icon_entry_touchpad	touchpad	IconTouchpad
icon_entry_towel_rack	towel-rack	IconTowelRack
icon_entry_tower_control	tower-control	IconTowerControl
icon_entry_toy_brick	toy-brick	IconToyBrick
icon_entry_tractor	tractor	IconTractor
icon_entry_traffic_cone	traffic-cone	IconTrafficCone
icon_entry_train_front_tunnel	train-front-tunnel	IconTrainFrontTunnel
icon_entry_train_front	train-front	IconTrainFront
icon_entry_train_track	train-track	IconTrainTrack
icon_entry_tram_front	tram-front	IconTramFront
icon_entry_transgender	transgender	IconTransgender
icon_entry_trash_2	trash-2	IconTrash2
icon_entry_trash	trash	IconTrash
icon_entry_tree_deciduous	tree-deciduous	IconTreeDeciduous
icon_entry_tree_palm	tree-palm	IconTreePalm
icon_entry_tree_pine	tree-pine	IconTreePine
icon_entry_trees	trees	IconTrees
icon_entry_trello	trello	IconTrello
icon_entry_trending_down	trending-down	IconTrendingDown
icon_entry_trending_up_down	trending-up-down	IconTrendingUpDown
icon_entry_trending_up	trending-up	IconTrendingUp
icon_entry_triangle_alert	triangle-alert	IconTriangleAlert
icon_entry_triangle_dashed	triangle-dashed	IconTriangleDashed
icon_entry_triangle_right	triangle-right	IconTriangleRight
icon_entry_triangle	triangle	IconTriangle
icon_entry_trophy	trophy	IconTrophy
icon_entry_truck_electric	truck-electric	IconTruckElectric
icon_entry_truck	truck	IconTruck
icon_entry_turkish_lira	turkish-lira	IconTurkishLira
icon_entry_turntable	turntable	IconTurntable
icon_entry_turtle	turtle	IconTurtle
icon_entry_tv_minimal_play	tv-minimal-play	IconTvMinimalPlay
icon_entry_tv_minimal	tv-minimal	IconTvMinimal
icon_entry_tv	tv	IconTv
icon_entry_twitch	twitch	IconTwitch
icon_entry_twitter	twitter	IconTwitter
icon_entry_type_outline	type-outline	IconTypeOutline
icon_entry_type	type	IconType
icon_entry_umbrella_off	umbrella-off	IconUmbrellaOff
icon_entry_umbrella	umbrella	IconUmbrella
icon_entry_underline	underline	IconUnderline
icon_entry_undo_2	undo-2	IconUndo2
icon_entry_undo_dot	undo-dot	IconUndoDot
icon_entry_undo	undo	IconUndo
icon_entry_unfold_horizontal	unfold-horizontal	IconUnfoldHorizontal
icon_entry_unfold_vertical	unfold-vertical	IconUnfoldVertical
icon_entry_ungroup	ungroup	IconUngroup
icon_entry_university	university	IconUniversity
icon_entry_unlink_2	unlink-2	IconUnlink2
icon_entry_unlink	unlink	IconUnlink
icon_entry_unplug	unplug	IconUnplug
icon_entry_upload	upload	IconUpload
icon_entry_usb	usb	IconUsb
icon_entry_user_check	user-check	IconUserCheck
icon_entry_user_cog	user-cog	IconUserCog
icon_entry_user_key	user-key	IconUserKey
icon_entry_user_lock	user-lock	IconUserLock
icon_entry_user_minus	user-minus	IconUserMinus
icon_entry_user_pen	user-pen	IconUserPen
icon_entry_user_plus	user-plus	IconUserPlus
icon_entry_user_round_check	user-round-check	IconUserRoundCheck
icon_entry_user_round_cog	user-round-cog	IconUserRoundCog
icon_entry_user_round_key	user-round-key	IconUserRoundKey
icon_entry_user_round_minus	user-round-minus	IconUserRoundMinus
icon_entry_user_round_pen	user-round-pen	IconUserRoundPen
icon_entry_user_round_plus	user-round-plus	IconUserRoundPlus
icon_entry_user_round_search	user-round-search	IconUserRoundSearch
icon_entry_user_round_x	user-round-x	IconUserRoundX
icon_entry_user_round	user-round	IconUserRound
icon_entry_user_search	user-search	IconUserSearch
icon_entry_user_star	user-star	IconUserStar
icon_entry_user_x	user-x	IconUserX
icon_entry_user	user	IconUser
icon_entry_users_round	users-round	IconUsersRound
icon_entry_users	users	IconUsers
icon_entry_utensils_crossed	utensils-crossed	IconUtensilsCrossed
icon_entry_utensils	utensils	IconUtensils
icon_entry_utility_pole	utility-pole	IconUtilityPole
icon_entry_van	van	IconVan
icon_entry_variable	variable	IconVariable
icon_entry_vault	vault	IconVault
icon_entry_vector_square	vector-square	IconVectorSquare
icon_entry_vegan	vegan	IconVegan
icon_entry_venetian_mask	venetian-mask	IconVenetianMask
icon_entry_venus_and_mars	venus-and-mars	IconVenusAndMars
icon_entry_venus	venus	IconVenus
icon_entry_vibrate_off	vibrate-off	IconVibrateOff
icon_entry_vibrate	vibrate	IconVibrate
icon_entry_video_off	video-off	IconVideoOff
icon_entry_video	video	IconVideo
icon_entry_videotape	videotape	IconVideotape
icon_entry_view	view	IconView
icon_entry_voicemail	voicemail	IconVoicemail
icon_entry_volleyball	volleyball	IconVolleyball
icon_entry_volume_1	volume-1	IconVolume1
icon_entry_volume_2	volume-2	IconVolume2
icon_entry_volume_off	volume-off	IconVolumeOff
icon_entry_volume_x	volume-x	IconVolumeX
icon_entry_volume	volume	IconVolume
icon_entry_vote	vote	IconVote
icon_entry_wallet_cards	wallet-cards	IconWalletCards
icon_entry_wallet_minimal	wallet-minimal	IconWalletMinimal
icon_entry_wallet	wallet	IconWallet
icon_entry_wallpaper	wallpaper	IconWallpaper
icon_entry_wand_sparkles	wand-sparkles	IconWandSparkles
icon_entry_wand	wand	IconWand
icon_entry_warehouse	warehouse	IconWarehouse
icon_entry_washing_machine	washing-machine	IconWashingMachine
icon_entry_watch	watch	IconWatch
icon_entry_waves_arrow_down	waves-arrow-down	IconWavesArrowDown
icon_entry_waves_arrow_up	waves-arrow-up	IconWavesArrowUp
icon_entry_waves_ladder	waves-ladder	IconWavesLadder
icon_entry_waves	waves	IconWaves
icon_entry_waypoints	waypoints	IconWaypoints
icon_entry_webcam	webcam	IconWebcam
icon_entry_webhook_off	webhook-off	IconWebhookOff
icon_entry_webhook	webhook	IconWebhook
icon_entry_weight_tilde	weight-tilde	IconWeightTilde
icon_entry_weight	weight	IconWeight
icon_entry_wheat_off	wheat-off	IconWheatOff
icon_entry_wheat	wheat	IconWheat
icon_entry_whole_word	whole-word	IconWholeWord
icon_entry_wifi_cog	wifi-cog	IconWifiCog
icon_entry_wifi_high	wifi-high	IconWifiHigh
icon_entry_wifi_low	wifi-low	IconWifiLow
icon_entry_wifi_off	wifi-off	IconWifiOff
icon_entry_wifi_pen	wifi-pen	IconWifiPen
icon_entry_wifi_sync	wifi-sync	IconWifiSync
icon_entry_wifi_zero	wifi-zero	IconWifiZero
icon_entry_wifi	wifi	IconWifi
icon_entry_wind_arrow_down	wind-arrow-down	IconWindArrowDown
icon_entry_wind	wind	IconWind
icon_entry_wine_off	wine-off	IconWineOff
icon_entry_wine	wine	IconWine
icon_entry_workflow	workflow	IconWorkflow
icon_entry_worm	worm	IconWorm
icon_entry_wrench	wrench	IconWrench
icon_entry_x_line_top	x-line-top	IconXLineTop
icon_entry_x	x	IconX
icon_entry_youtube	youtube	IconYoutube
icon_entry_zap_off	zap-off	IconZapOff
icon_entry_zap	zap	IconZap
icon_entry_zodiac_aquarius	zodiac-aquarius	IconZodiacAquarius
icon_entry_zodiac_aries	zodiac-aries	IconZodiacAries
icon_entry_zodiac_cancer	zodiac-cancer	IconZodiacCancer
icon_entry_zodiac_capricorn	zodiac-capricorn	IconZodiacCapricorn
icon_entry_zodiac_gemini	zodiac-gemini	IconZodiacGemini
icon_entry_zodiac_leo	zodiac-leo	IconZodiacLeo
icon_entry_zodiac_libra	zodiac-libra	IconZodiacLibra
icon_entry_zodiac_ophiuchus	zodiac-ophiuchus	IconZodiacOphiuchus
icon_entry_zodiac_pisces	zodiac-pisces	IconZodiacPisces
icon_entry_zodiac_sagittarius	zodiac-sagittarius	IconZodiacSagittarius
icon_entry_zodiac_scorpio	zodiac-scorpio	IconZodiacScorpio
icon_entry_zodiac_taurus	zodiac-taurus	IconZodiacTaurus
icon_entry_zodiac_virgo	zodiac-virgo	IconZodiacVirgo
icon_entry_zoom_in	zoom-in	IconZoomIn
icon_entry_zoom_out	zoom-out	IconZoomOut
